{"type":"FeatureCollection","features":[{"type":"Feature","id":1,"properties":{"id":1,"code":"CL-AP"},"geometry":{"type":"MultiPolygon","coordinates":[[[[-69.468,-17.605],[-69.337,-17.732],[-69.282,-17.968],[-69.256,-17.954],[-69.256,-17.975],[-69.231,-17.989],[-69.121,-18.004],[-69.057,-18.061],[-69.146,-18.164],[-69.064,-18.231],[-69.074,-18.287],[-69.038,-18.323],[-69.057,-18.375],[-69.048,-18.427],[-69.003,-18.482],[-69.007,-18.602],[-69.028,-18.601],[-69.037,-18.622],[-68.984,-18.678],[-68.978,-18.739],[-68.912,-18.891],[-68.958,-18.946],[-69.02,-18.954],[-69.014,-19.003],[-69.047,-19.034],[-69.072,-19.027],[-69.075,-19.048],[-69.129,-19.087],[-69.204,-19.11],[-69.233,-19.094],[-69.295,-19.127],[-69.318,-19.137],[-69.315,-19.103],[-69.396,-19.062],[-69.426,-19.025],[-69.473,-19.036],[-69.645,-19.021],[-69.826,-19.047],[-69.886,-19.035],[-70.099,-19.119],[-70.131,-19.155],[-70.285,-19.229],[-70.269,-19.146],[-70.311,-19.041],[-70.309,-18.964],[-70.361,-18.793],[-70.338,-18.757],[-70.35,-18.649],[-70.317,-18.515],[-70.334,-18.48],[-70.303,-18.449],[-70.379,-18.35],[-70.318,-18.311],[-70.149,-18.319],[-70.05,-18.269],[-69.966,-18.262],[-69.816,-18.116],[-69.755,-17.989],[-69.75,-17.947],[-69.799,-17.866],[-69.801,-17.762],[-69.822,-17.744],[-69.826,-17.706],[-69.796,-17.646],[-69.666,-17.66],[-69.468,-17.498],[-69.468,-17.605]]]]}},{"type":"Feature","id":2,"properties":{"id":2,"code":"CL-TA"},"geometry":{"type":"MultiPolygon","coordinates":[[[[-70.138,-20.193],[-70.152,-20.159],[-70.122,-20.09],[-70.137,-20.062],[-70.123,-19.998],[-70.147,-19.903],[-70.132,-19.88],[-70.165,-19.829],[-70.147,-19.786],[-70.152,-19.724],[-70.174,-19.698],[-70.171,-19.655],[-70.24,-19.602],[-70.206,-19.59],[-70.202,-19.498],[-70.225,-19.408],[-70.261,-19.352],[-70.256,-19.331],[-70.285,-19.309],[-70.285,-19.23],[-70.131,-19.155],[-70.099,-19.119],[-69.886,-19.035],[-69.828,-19.047],[-69.645,-19.021],[-69.473,-19.036],[-69.426,-19.025],[-69.396,-19.062],[-69.315,-19.103],[-69.318,-19.137],[-69.233,-19.094],[-69.204,-19.11],[-69.191,-19.095],[-69.153,-19.103],[-69.075,-19.048],[-69.072,-19.027],[-69.047,-19.034],[-69.014,-19.003],[-69.02,-18.954],[-68.95,-18.937],[-68.871,-19.06],[-68.806,-19.084],[-68.62,-19.276],[-68.543,-19.297],[-68.405,-19.416],[-68.572,-19.605],[-68.624,-19.702],[-68.696,-19.738],[-68.696,-19.753],[-68.666,-19.752],[-68.625,-19.785],[-68.599,-19.828],[-68.528,-19.846],[-68.542,-19.89],[-68.522,-19.924],[-68.551,-20.022],[-68.566,-20.05],[-68.762,-20.078],[-68.774,-20.13],[-68.747,-20.123],[-68.705,-20.133],[-68.692,-20.177],[-68.71,-20.186],[-68.699,-20.213],[-68.713,-20.249],[-68.697,-20.29],[-68.661,-20.319],[-68.674,-20.357],[-68.742,-20.369],[-68.739,-20.457],[-68.575,-20.574],[-68.535,-20.569],[-68.516,-20.604],[-68.485,-20.605],[-68.439,-20.641],[-68.501,-20.669],[-68.553,-20.729],[-68.541,-20.807],[-68.553,-20.876],[-68.514,-20.936],[-68.481,-20.945],[-68.536,-21.065],[-68.86,-21.285],[-69.313,-21.398],[-69.551,-21.63],[-69.626,-21.546],[-69.667,-21.463],[-69.734,-21.448],[-69.766,-21.42],[-69.781,-21.442],[-69.939,-21.423],[-70.058,-21.43],[-70.087,-21.378],[-70.098,-21.339],[-70.066,-21.303],[-70.082,-21.231],[-70.134,-21.13],[-70.125,-21.087],[-70.177,-21.025],[-70.127,-20.935],[-70.145,-20.872],[-70.207,-20.811],[-70.185,-20.798],[-70.201,-20.753],[-70.184,-20.741],[-70.198,-20.716],[-70.182,-20.658],[-70.2,-20.534],[-70.166,-20.501],[-70.158,-20.462],[-70.159,-20.409],[-70.183,-20.363],[-70.129,-20.296],[-70.163,-20.208],[-70.138,-20.193]]]]}},{"type":"Feature","id":3,"properties":{"id":3,"code":"CL-AN"},"geometry":{"type":"MultiPolygon","coordinates":[[[[-68.412,-20.935],[-68.179,-21.302],[-68.181,-21.604],[-68.061,-21.77],[-68.071,-21.982],[-68.007,-22.04],[-67.965,-22.054],[-67.939,-22.107],[-67.958,-22.166],[-67.915,-22.272],[-67.937,-22.273],[-67.942,-22.382],[-67.9,-22.407],[-67.884,-22.442],[-67.893,-22.499],[-67.868,-22.533],[-67.841,-22.533],[-67.853,-22.558],[-67.832,-22.581],[-67.863,-22.6],[-67.857,-22.622],[-67.883,-22.628],[-67.868,-22.681],[-67.89,-22.718],[-67.868,-22.744],[-67.882,-22.833],[-67.826,-22.845],[-67.799,-22.881],[-67.569,-22.898],[-67.18,-22.814],[-66.99,-23.0],[-67.323,-24.034],[-68.258,-24.402],[-68.311,-24.491],[-68.39,-24.489],[-68.433,-24.606],[-68.468,-24.623],[-68.495,-24.6],[-68.492,-24.664],[-68.543,-24.725],[-68.568,-24.795],[-68.539,-24.817],[-68.519,-24.874],[-68.432,-24.905],[-68.427,-24.961],[-68.408,-24.972],[-68.413,-25.02],[-68.374,-25.036],[-68.343,-25.111],[-68.409,-25.145],[-68.437,-25.122],[-68.465,-25.131],[-68.507,-25.168],[-68.509,-25.233],[-68.55,-25.261],[-68.53,-25.291],[-68.657,-25.304],[-68.672,-25.361],[-68.725,-25.39],[-68.748,-25.381],[-68.783,-25.403],[-68.822,-25.37],[-68.96,-25.391],[-68.987,-25.377],[-68.991,-25.406],[-69.036,-25.442],[-69.003,-25.462],[-68.996,-25.505],[-69.023,-25.509],[-69.085,-25.584],[-69.051,-25.635],[-69.095,-25.72],[-69.058,-25.728],[-69.098,-25.802],[-69.171,-25.816],[-69.267,-25.867],[-69.38,-25.88],[-69.439,-25.86],[-69.452,-25.894],[-69.503,-25.915],[-69.512,-25.951],[-69.673,-25.943],[-69.757,-25.917],[-69.854,-25.945],[-69.908,-25.894],[-70.023,-25.92],[-70.076,-25.965],[-70.2,-25.942],[-70.24,-25.916],[-70.265,-25.931],[-70.301,-25.896],[-70.324,-25.931],[-70.393,-25.929],[-70.483,-25.968],[-70.526,-26.01],[-70.605,-26.004],[-70.615,-26.058],[-70.659,-26.062],[-70.635,-26.051],[-70.628,-25.995],[-70.738,-25.817],[-70.731,-25.779],[-70.685,-25.745],[-70.684,-25.662],[-70.636,-25.645],[-70.652,-25.539],[-70.634,-25.529],[-70.63,-25.507],[-70.576,-25.507],[-70.528,-25.479],[-70.517,-25.396],[-70.492,-25.409],[-70.451,-25.378],[-70.456,-25.297],[-70.434,-25.257],[-70.438,-25.19],[-70.508,-25.097],[-70.467,-24.995],[-70.529,-24.916],[-70.522,-24.867],[-70.545,-24.843],[-70.548,-24.772],[-70.578,-24.732],[-70.55,-24.595],[-70.58,-24.551],[-70.542,-24.425],[-70.557,-24.372],[-70.541,-24.361],[-70.535,-24.248],[-70.511,-24.199],[-70.52,-24.184],[-70.503,-24.178],[-70.522,-24.123],[-70.504,-24.119],[-70.498,-24.08],[-70.52,-24.021],[-70.517,-23.926],[-70.495,-23.905],[-70.526,-23.862],[-70.504,-23.85],[-70.506,-23.798],[-70.446,-23.748],[-70.392,-23.613],[-70.402,-23.535],[-70.475,-23.469],[-70.513,-23.468],[-70.547,-23.538],[-70.599,-23.506],[-70.629,-23.516],[-70.59,-23.428],[-70.606,-23.359],[-70.582,-23.326],[-70.604,-23.252],[-70.561,-23.19],[-70.579,-23.083],[-70.516,-23.025],[-70.485,-23.098],[-70.405,-23.083],[-70.349,-23.029],[-70.29,-22.914],[-70.313,-22.765],[-70.28,-22.718],[-70.29,-22.656],[-70.262,-22.636],[-70.284,-22.572],[-70.238,-22.497],[-70.269,-22.461],[-70.245,-22.381],[-70.258,-22.356],[-70.237,-22.31],[-70.232,-22.17],[-70.217,-22.094],[-70.189,-22.059],[-70.198,-22.014],[-70.169,-21.932],[-70.19,-21.902],[-70.149,-21.873],[-70.15,-21.656],[-70.094,-21.593],[-70.058,-21.43],[-69.939,-21.423],[-69.781,-21.442],[-69.766,-21.42],[-69.734,-21.448],[-69.667,-21.463],[-69.626,-21.546],[-69.551,-21.63],[-69.313,-21.398],[-68.86,-21.285],[-68.536,-21.065],[-68.481,-20.941],[-68.412,-20.935]]]]}},{"type":"Feature","id":4,"properties":{"id":4,"code":"CL-AT"},"geometry":{"type":"MultiPolygon","coordinates":[[[[-68.556,-25.302],[-68.521,-25.33],[-68.523,-25.377],[-68.59,-25.416],[-68.589,-25.448],[-68.571,-25.499],[-68.539,-25.509],[-68.543,-25.549],[-68.519,-25.572],[-68.545,-25.634],[-68.477,-25.702],[-68.381,-26.178],[-68.557,-26.286],[-68.588,-26.492],[-68.263,-26.918],[-68.29,-26.924],[-68.319,-26.982],[-68.294,-27.038],[-68.347,-27.033],[-68.404,-27.068],[-68.429,-27.064],[-68.451,-27.095],[-68.484,-27.057],[-68.482,-27.129],[-68.558,-27.115],[-68.576,-27.176],[-68.633,-27.162],[-68.67,-27.099],[-68.751,-27.111],[-68.778,-27.098],[-68.807,-27.152],[-68.843,-27.16],[-68.868,-27.263],[-68.809,-27.301],[-68.871,-27.319],[-68.893,-27.356],[-68.887,-27.398],[-68.931,-27.409],[-68.936,-27.445],[-68.981,-27.432],[-68.989,-27.453],[-68.96,-27.471],[-68.941,-27.518],[-68.988,-27.525],[-68.976,-27.56],[-69.052,-27.617],[-69.06,-27.664],[-69.044,-27.696],[-69.09,-27.722],[-69.09,-27.786],[-69.132,-27.873],[-69.123,-27.901],[-69.174,-27.972],[-69.238,-27.967],[-69.269,-28.012],[-69.263,-28.047],[-69.302,-28.072],[-69.308,-28.129],[-69.383,-28.184],[-69.391,-28.227],[-69.457,-28.184],[-69.524,-28.331],[-69.582,-28.353],[-69.597,-28.392],[-69.626,-28.378],[-69.65,-28.397],[-69.656,-28.415],[-69.633,-28.43],[-69.681,-28.471],[-69.656,-28.503],[-69.661,-28.583],[-69.694,-28.595],[-69.732,-28.684],[-69.73,-28.738],[-69.693,-28.772],[-69.766,-28.9],[-69.755,-28.984],[-69.794,-29.05],[-69.787,-29.13],[-69.876,-29.139],[-69.924,-29.186],[-69.953,-29.189],[-69.937,-29.248],[-69.995,-29.283],[-70.021,-29.329],[-70.021,-29.384],[-69.967,-29.412],[-69.981,-29.452],[-69.955,-29.463],[-69.952,-29.501],[-69.991,-29.496],[-70.086,-29.535],[-70.172,-29.526],[-70.299,-29.376],[-70.365,-29.37],[-70.394,-29.399],[-70.459,-29.382],[-70.474,-29.36],[-70.445,-29.327],[-70.48,-29.287],[-70.468,-29.24],[-70.494,-29.218],[-70.498,-29.155],[-70.532,-29.129],[-70.534,-29.062],[-70.55,-29.045],[-70.646,-29.039],[-70.652,-29.057],[-70.724,-29.057],[-70.715,-29.084],[-70.732,-29.105],[-70.802,-29.139],[-70.907,-29.13],[-70.974,-29.177],[-71.02,-29.335],[-71.094,-29.355],[-71.086,-29.306],[-71.183,-29.284],[-71.2,-29.186],[-71.282,-29.187],[-71.352,-29.141],[-71.415,-29.184],[-71.498,-29.183],[-71.487,-29.17],[-71.504,-29.144],[-71.462,-29.104],[-71.502,-29.078],[-71.479,-29.065],[-71.502,-29.023],[-71.492,-28.984],[-71.526,-28.987],[-71.504,-28.952],[-71.522,-28.917],[-71.485,-28.85],[-71.379,-28.795],[-71.365,-28.742],[-71.296,-28.68],[-71.28,-28.633],[-71.316,-28.568],[-71.258,-28.542],[-71.255,-28.51],[-71.274,-28.503],[-71.251,-28.485],[-71.266,-28.48],[-71.259,-28.463],[-71.212,-28.46],[-71.193,-28.382],[-71.161,-28.362],[-71.198,-28.303],[-71.181,-28.298],[-71.154,-28.229],[-71.183,-28.104],[-71.144,-28.082],[-71.149,-27.982],[-71.104,-27.893],[-71.112,-27.857],[-71.084,-27.827],[-71.08,-27.777],[-71.036,-27.733],[-71.051,-27.688],[-71.032,-27.659],[-70.996,-27.689],[-70.898,-27.621],[-70.908,-27.554],[-70.886,-27.486],[-70.967,-27.371],[-70.931,-27.311],[-70.96,-27.27],[-70.947,-27.22],[-70.974,-27.172],[-70.935,-27.109],[-70.898,-27.143],[-70.862,-27.129],[-70.866,-27.082],[-70.841,-27.079],[-70.856,-27.051],[-70.813,-27.061],[-70.825,-27.035],[-70.789,-26.995],[-70.812,-26.96],[-70.799,-26.942],[-70.813,-26.897],[-70.834,-26.878],[-70.812,-26.867],[-70.823,-26.858],[-70.798,-26.837],[-70.781,-26.776],[-70.738,-26.757],[-70.758,-26.71],[-70.727,-26.687],[-70.704,-26.575],[-70.683,-26.57],[-70.711,-26.528],[-70.687,-26.464],[-70.699,-26.391],[-70.672,-26.39],[-70.628,-26.347],[-70.641,-26.308],[-70.676,-26.291],[-70.647,-26.254],[-70.673,-26.204],[-70.656,-26.186],[-70.674,-26.168],[-70.653,-26.131],[-70.657,-26.061],[-70.615,-26.058],[-70.605,-26.004],[-70.526,-26.01],[-70.483,-25.968],[-70.393,-25.929],[-70.324,-25.931],[-70.301,-25.896],[-70.265,-25.931],[-70.24,-25.916],[-70.2,-25.942],[-70.076,-25.965],[-70.023,-25.92],[-69.908,-25.894],[-69.854,-25.945],[-69.757,-25.917],[-69.673,-25.943],[-69.512,-25.951],[-69.503,-25.915],[-69.452,-25.894],[-69.439,-25.86],[-69.38,-25.88],[-69.248,-25.861],[-69.23,-25.839],[-69.095,-25.797],[-69.058,-25.728],[-69.095,-25.72],[-69.051,-25.635],[-69.085,-25.584],[-69.023,-25.509],[-68.996,-25.505],[-69.003,-25.462],[-69.036,-25.442],[-68.991,-25.406],[-68.987,-25.377],[-68.96,-25.391],[-68.822,-25.37],[-68.782,-25.403],[-68.682,-25.369],[-68.657,-25.304],[-68.636,-25.313],[-68.579,-25.286],[-68.556,-25.302]]]]}},{"type":"Feature","id":5,"properties":{"id":5,"code":"CL-CO"},"geometry":{"type":"MultiPolygon","coordinates":[[[[-71.659,-31.082],[-71.649,-30.976],[-71.684,-30.922],[-71.708,-30.79],[-71.699,-30.732],[-71.715,-30.716],[-71.698,-30.699],[-71.717,-30.602],[-71.694,-30.544],[-71.691,-30.405],[-71.669,-30.365],[-71.68,-30.348],[-71.627,-30.237],[-71.607,-30.298],[-71.54,-30.298],[-71.498,-30.272],[-71.509,-30.254],[-71.479,-30.243],[-71.48,-30.2],[-71.449,-30.166],[-71.43,-30.196],[-71.394,-30.183],[-71.374,-30.157],[-71.386,-30.102],[-71.371,-30.078],[-71.389,-30.022],[-71.417,-29.999],[-71.388,-29.994],[-71.373,-29.967],[-71.351,-29.98],[-71.365,-29.952],[-71.343,-29.934],[-71.335,-29.959],[-71.298,-29.951],[-71.274,-29.907],[-71.283,-29.831],[-71.312,-29.82],[-71.319,-29.779],[-71.345,-29.756],[-71.326,-29.733],[-71.32,-29.647],[-71.287,-29.62],[-71.335,-29.555],[-71.336,-29.491],[-71.317,-29.489],[-71.317,-29.448],[-71.303,-29.449],[-71.308,-29.418],[-71.34,-29.401],[-71.327,-29.347],[-71.408,-29.272],[-71.469,-29.249],[-71.465,-29.225],[-71.498,-29.184],[-71.415,-29.184],[-71.352,-29.141],[-71.282,-29.187],[-71.2,-29.186],[-71.183,-29.284],[-71.086,-29.306],[-71.094,-29.355],[-71.06,-29.357],[-71.008,-29.319],[-70.974,-29.177],[-70.907,-29.13],[-70.802,-29.139],[-70.732,-29.105],[-70.715,-29.084],[-70.724,-29.057],[-70.552,-29.044],[-70.534,-29.062],[-70.532,-29.129],[-70.494,-29.162],[-70.494,-29.218],[-70.468,-29.24],[-70.48,-29.287],[-70.445,-29.327],[-70.474,-29.36],[-70.459,-29.382],[-70.394,-29.399],[-70.365,-29.37],[-70.299,-29.376],[-70.172,-29.526],[-70.086,-29.535],[-69.991,-29.496],[-69.953,-29.5],[-69.956,-29.535],[-69.932,-29.584],[-69.94,-29.655],[-69.877,-29.726],[-69.914,-29.801],[-69.877,-29.862],[-69.896,-29.879],[-69.899,-29.959],[-69.927,-30.003],[-69.914,-30.026],[-69.965,-30.086],[-69.937,-30.12],[-69.905,-30.106],[-69.818,-30.127],[-69.809,-30.154],[-69.829,-30.162],[-69.819,-30.187],[-69.836,-30.219],[-69.885,-30.218],[-69.879,-30.258],[-69.908,-30.316],[-69.892,-30.351],[-69.924,-30.353],[-69.955,-30.386],[-70.05,-30.389],[-70.063,-30.395],[-70.107,-30.352],[-70.154,-30.347],[-70.117,-30.432],[-70.195,-30.492],[-70.181,-30.513],[-70.191,-30.549],[-70.247,-30.634],[-70.239,-30.669],[-70.259,-30.701],[-70.246,-30.728],[-70.288,-30.788],[-70.28,-30.831],[-70.323,-30.93],[-70.293,-30.971],[-70.298,-31.021],[-70.277,-31.021],[-70.27,-31.044],[-70.322,-31.043],[-70.368,-31.11],[-70.361,-31.135],[-70.4,-31.168],[-70.452,-31.086],[-70.497,-31.122],[-70.547,-31.314],[-70.527,-31.365],[-70.569,-31.473],[-70.552,-31.511],[-70.567,-31.601],[-70.507,-31.652],[-70.513,-31.69],[-70.471,-31.696],[-70.451,-31.81],[-70.461,-31.844],[-70.375,-31.886],[-70.28,-31.884],[-70.209,-31.96],[-70.208,-31.978],[-70.25,-31.992],[-70.248,-32.024],[-70.288,-32.051],[-70.329,-32.049],[-70.354,-32.026],[-70.388,-32.043],[-70.335,-32.07],[-70.341,-32.11],[-70.304,-32.136],[-70.317,-32.178],[-70.301,-32.207],[-70.322,-32.274],[-70.358,-32.254],[-70.415,-32.282],[-70.438,-32.27],[-70.433,-32.227],[-70.454,-32.223],[-70.456,-32.173],[-70.503,-32.172],[-70.532,-32.148],[-70.545,-32.175],[-70.645,-32.139],[-70.657,-32.055],[-70.691,-32.063],[-70.701,-32.033],[-70.74,-32.021],[-70.931,-32.08],[-70.952,-32.048],[-71.041,-32.032],[-71.031,-32.073],[-71.135,-32.152],[-71.182,-32.171],[-71.222,-32.127],[-71.256,-32.172],[-71.339,-32.203],[-71.478,-32.155],[-71.503,-32.181],[-71.542,-32.177],[-71.538,-32.136],[-71.513,-32.121],[-71.531,-32.107],[-71.528,-32.038],[-71.51,-32.024],[-71.524,-32.004],[-71.491,-31.968],[-71.527,-31.949],[-71.518,-31.909],[-71.496,-31.898],[-71.501,-31.871],[-71.52,-31.849],[-71.56,-31.849],[-71.505,-31.77],[-71.546,-31.739],[-71.552,-31.641],[-71.582,-31.595],[-71.57,-31.5],[-71.62,-31.391],[-71.615,-31.326],[-71.638,-31.301],[-71.632,-31.256],[-71.668,-31.165],[-71.659,-31.082]]]]}},{"type":"Feature","id":6,"properties":{"id":6,"code":"CL-VS"},"geometry":{"type":"MultiPolygon","coordinates":[[[[-71.619,-33.043],[-71.555,-33.012],[-71.552,-32.929],[-71.507,-32.912],[-71.544,-32.785],[-71.538,-32.767],[-71.518,-32.784],[-71.491,-32.77],[-71.485,-32.746],[-71.51,-32.711],[-71.471,-32.712],[-71.431,-32.641],[-71.477,-32.522],[-71.465,-32.498],[-71.434,-32.495],[-71.427,-32.414],[-71.407,-32.397],[-71.45,-32.345],[-71.471,-32.345],[-71.471,-32.273],[-71.499,-32.239],[-71.526,-32.241],[-71.542,-32.178],[-71.503,-32.181],[-71.478,-32.155],[-71.339,-32.203],[-71.256,-32.172],[-71.222,-32.127],[-71.182,-32.171],[-71.135,-32.151],[-71.031,-32.074],[-71.04,-32.032],[-70.952,-32.048],[-70.931,-32.08],[-70.74,-32.021],[-70.704,-32.032],[-70.691,-32.063],[-70.657,-32.055],[-70.645,-32.139],[-70.545,-32.175],[-70.532,-32.148],[-70.503,-32.172],[-70.456,-32.173],[-70.454,-32.223],[-70.433,-32.227],[-70.438,-32.27],[-70.415,-32.282],[-70.357,-32.254],[-70.263,-32.292],[-70.218,-32.335],[-70.237,-32.429],[-70.149,-32.466],[-70.135,-32.488],[-70.126,-32.576],[-70.15,-32.581],[-70.172,-32.621],[-70.146,-32.652],[-70.147,-32.729],[-70.108,-32.801],[-70.056,-32.832],[-70.056,-32.857],[-69.989,-32.901],[-70.027,-32.97],[-70.03,-33.019],[-70.081,-33.029],[-70.156,-33.113],[-70.183,-33.102],[-70.236,-33.14],[-70.244,-33.188],[-70.267,-33.182],[-70.271,-33.133],[-70.338,-33.096],[-70.375,-33.105],[-70.407,-33.066],[-70.399,-33.034],[-70.425,-33.021],[-70.509,-33.089],[-70.604,-32.942],[-70.707,-32.961],[-70.728,-32.925],[-70.842,-32.922],[-70.907,-32.936],[-70.939,-32.973],[-71.016,-32.977],[-71.027,-33.005],[-71.001,-33.05],[-71.029,-33.084],[-70.998,-33.199],[-71.028,-33.217],[-71.057,-33.204],[-71.073,-33.23],[-71.215,-33.234],[-71.227,-33.269],[-71.195,-33.311],[-71.223,-33.373],[-71.282,-33.411],[-71.343,-33.416],[-71.336,-33.456],[-71.353,-33.493],[-71.328,-33.56],[-71.336,-33.607],[-71.383,-33.623],[-71.399,-33.663],[-71.427,-33.66],[-71.438,-33.68],[-71.363,-33.759],[-71.429,-33.789],[-71.545,-33.765],[-71.556,-33.872],[-71.581,-33.867],[-71.722,-33.956],[-71.755,-33.938],[-71.75,-33.92],[-71.771,-33.936],[-71.809,-33.907],[-71.84,-33.923],[-71.794,-33.773],[-71.732,-33.757],[-71.663,-33.71],[-71.613,-33.586],[-71.628,-33.552],[-71.603,-33.543],[-71.619,-33.503],[-71.71,-33.425],[-71.695,-33.367],[-71.655,-33.352],[-71.652,-33.303],[-71.695,-33.249],[-71.681,-33.221],[-71.708,-33.2],[-71.685,-33.173],[-71.746,-33.1],[-71.666,-33.098],[-71.647,-33.02],[-71.619,-33.043]]]]}},{"type":"Feature","id":7,"properties":{"id":7,"code":"CL-RM"},"geometry":{"type":"MultiPolygon","coordinates":[[[[-70.772,-32.936],[-70.723,-32.928],[-70.707,-32.961],[-70.596,-32.947],[-70.509,-33.089],[-70.482,-33.081],[-70.435,-33.021],[-70.402,-33.032],[-70.407,-33.066],[-70.375,-33.105],[-70.337,-33.097],[-70.272,-33.131],[-70.261,-33.185],[-70.244,-33.187],[-70.236,-33.14],[-70.2,-33.111],[-70.156,-33.113],[-70.094,-33.051],[-70.067,-33.087],[-70.076,-33.121],[-70.052,-33.135],[-70.064,-33.206],[-70.027,-33.235],[-70.039,-33.27],[-70.006,-33.286],[-70.004,-33.322],[-69.917,-33.267],[-69.918,-33.245],[-69.904,-33.273],[-69.8,-33.288],[-69.77,-33.343],[-69.787,-33.393],[-69.816,-33.391],[-69.796,-33.423],[-69.819,-33.43],[-69.835,-33.515],[-69.872,-33.541],[-69.884,-33.684],[-69.864,-33.716],[-69.904,-33.774],[-69.898,-33.848],[-69.855,-33.892],[-69.906,-33.963],[-69.882,-33.977],[-69.854,-33.964],[-69.822,-34.013],[-69.854,-34.056],[-69.834,-34.086],[-69.873,-34.133],[-69.801,-34.194],[-69.807,-34.248],[-69.897,-34.266],[-69.909,-34.291],[-69.971,-34.25],[-70.028,-34.288],[-70.053,-34.28],[-70.05,-34.228],[-70.067,-34.207],[-70.113,-34.202],[-70.164,-34.159],[-70.142,-34.12],[-70.164,-34.101],[-70.17,-34.045],[-70.241,-34.033],[-70.262,-34.072],[-70.338,-34.055],[-70.321,-33.999],[-70.347,-33.956],[-70.376,-33.928],[-70.375,-33.884],[-70.439,-33.851],[-70.503,-33.863],[-70.517,-33.889],[-70.6,-33.894],[-70.654,-33.937],[-70.708,-33.905],[-70.758,-33.943],[-70.797,-33.931],[-70.825,-33.953],[-70.792,-33.993],[-70.808,-34.025],[-70.889,-34.039],[-70.893,-34.076],[-70.937,-34.09],[-70.914,-34.145],[-70.969,-34.172],[-71.032,-34.165],[-71.072,-34.184],[-71.185,-34.158],[-71.301,-34.03],[-71.39,-34.076],[-71.448,-34.014],[-71.567,-33.987],[-71.587,-34.034],[-71.615,-34.003],[-71.667,-33.997],[-71.671,-33.973],[-71.712,-33.966],[-71.692,-33.928],[-71.581,-33.867],[-71.556,-33.872],[-71.546,-33.766],[-71.429,-33.789],[-71.363,-33.759],[-71.438,-33.68],[-71.427,-33.66],[-71.399,-33.663],[-71.383,-33.623],[-71.336,-33.607],[-71.328,-33.56],[-71.353,-33.493],[-71.336,-33.456],[-71.343,-33.416],[-71.282,-33.411],[-71.223,-33.373],[-71.195,-33.311],[-71.227,-33.269],[-71.215,-33.234],[-71.073,-33.23],[-71.057,-33.204],[-71.028,-33.217],[-70.998,-33.199],[-71.029,-33.084],[-71.001,-33.05],[-71.028,-32.989],[-70.939,-32.973],[-70.907,-32.936],[-70.842,-32.922],[-70.772,-32.936]]]]}},{"type":"Feature","id":8,"properties":{"id":8,"code":"CL-LI"},"geometry":{"type":"MultiPolygon","coordinates":[[[[-72.03,-34.467],[-72.049,-34.425],[-71.981,-34.362],[-71.972,-34.3],[-72.009,-34.132],[-71.951,-34.082],[-71.942,-34.045],[-71.89,-33.998],[-71.836,-33.904],[-71.84,-33.923],[-71.809,-33.907],[-71.781,-33.935],[-71.749,-33.921],[-71.754,-33.939],[-71.671,-33.973],[-71.666,-33.998],[-71.615,-34.003],[-71.587,-34.034],[-71.564,-33.987],[-71.448,-34.014],[-71.39,-34.076],[-71.301,-34.03],[-71.185,-34.158],[-71.072,-34.184],[-71.032,-34.165],[-70.969,-34.172],[-70.914,-34.145],[-70.937,-34.09],[-70.893,-34.076],[-70.889,-34.039],[-70.808,-34.025],[-70.792,-33.993],[-70.825,-33.953],[-70.797,-33.931],[-70.758,-33.943],[-70.708,-33.905],[-70.654,-33.937],[-70.6,-33.894],[-70.516,-33.888],[-70.503,-33.863],[-70.439,-33.851],[-70.375,-33.884],[-70.376,-33.928],[-70.321,-33.999],[-70.338,-34.055],[-70.262,-34.072],[-70.241,-34.033],[-70.17,-34.045],[-70.164,-34.101],[-70.142,-34.12],[-70.164,-34.159],[-70.051,-34.226],[-70.053,-34.279],[-70.022,-34.309],[-70.013,-34.412],[-70.081,-34.473],[-70.132,-34.488],[-70.144,-34.532],[-70.218,-34.612],[-70.216,-34.684],[-70.246,-34.693],[-70.258,-34.729],[-70.306,-34.747],[-70.309,-34.77],[-70.248,-34.799],[-70.277,-34.876],[-70.333,-34.937],[-70.333,-34.99],[-70.366,-35.005],[-70.415,-34.984],[-70.478,-34.994],[-70.541,-34.934],[-70.615,-34.961],[-70.622,-34.988],[-70.77,-34.859],[-70.81,-34.852],[-70.822,-34.871],[-70.883,-34.85],[-70.957,-34.872],[-71.047,-34.792],[-71.099,-34.828],[-71.135,-34.786],[-71.189,-34.804],[-71.213,-34.835],[-71.261,-34.824],[-71.279,-34.792],[-71.374,-34.834],[-71.387,-34.887],[-71.366,-34.913],[-71.398,-34.894],[-71.421,-34.904],[-71.439,-34.88],[-71.465,-34.901],[-71.535,-34.869],[-71.608,-34.883],[-71.662,-34.855],[-71.689,-34.897],[-71.668,-34.904],[-71.675,-34.924],[-71.71,-34.937],[-71.795,-34.827],[-71.818,-34.841],[-71.913,-34.815],[-71.953,-34.757],[-71.997,-34.741],[-72.005,-34.705],[-72.056,-34.687],[-72.041,-34.596],[-72.054,-34.557],[-72.028,-34.508],[-72.03,-34.467]]]]}},{"type":"Feature","id":9,"properties":{"id":9,"code":"CL-ML"},"geometry":{"type":"MultiPolygon","coordinates":[[[[-72.034,-34.687],[-71.913,-34.815],[-71.818,-34.841],[-71.795,-34.828],[-71.71,-34.937],[-71.675,-34.924],[-71.668,-34.904],[-71.689,-34.897],[-71.662,-34.855],[-71.608,-34.883],[-71.535,-34.869],[-71.465,-34.901],[-71.439,-34.88],[-71.421,-34.904],[-71.398,-34.894],[-71.366,-34.913],[-71.387,-34.887],[-71.374,-34.834],[-71.279,-34.792],[-71.261,-34.824],[-71.213,-34.835],[-71.189,-34.804],[-71.135,-34.786],[-71.099,-34.828],[-71.047,-34.792],[-70.957,-34.872],[-70.883,-34.85],[-70.822,-34.871],[-70.81,-34.852],[-70.77,-34.859],[-70.622,-34.988],[-70.615,-34.961],[-70.541,-34.934],[-70.478,-34.994],[-70.415,-34.984],[-70.365,-35.006],[-70.377,-35.05],[-70.358,-35.099],[-70.374,-35.17],[-70.472,-35.204],[-70.527,-35.194],[-70.568,-35.223],[-70.583,-35.271],[-70.565,-35.3],[-70.504,-35.32],[-70.432,-35.319],[-70.418,-35.355],[-70.453,-35.392],[-70.438,-35.413],[-70.453,-35.427],[-70.432,-35.445],[-70.447,-35.463],[-70.368,-35.52],[-70.413,-35.528],[-70.385,-35.605],[-70.423,-35.641],[-70.358,-35.749],[-70.379,-35.787],[-70.312,-35.813],[-70.369,-35.842],[-70.384,-35.869],[-70.421,-35.876],[-70.423,-35.915],[-70.365,-35.925],[-70.422,-35.971],[-70.375,-35.995],[-70.369,-36.038],[-70.412,-36.06],[-70.421,-36.156],[-70.489,-36.178],[-70.567,-36.133],[-70.583,-36.149],[-70.571,-36.175],[-70.632,-36.216],[-70.632,-36.239],[-70.706,-36.272],[-70.684,-36.305],[-70.711,-36.345],[-70.678,-36.389],[-70.712,-36.426],[-70.739,-36.429],[-70.748,-36.406],[-70.787,-36.429],[-70.816,-36.396],[-70.845,-36.419],[-70.884,-36.397],[-70.891,-36.469],[-70.974,-36.502],[-71.061,-36.463],[-71.059,-36.387],[-71.115,-36.362],[-71.156,-36.406],[-71.192,-36.413],[-71.225,-36.463],[-71.263,-36.44],[-71.282,-36.448],[-71.337,-36.543],[-71.353,-36.513],[-71.41,-36.503],[-71.438,-36.433],[-71.467,-36.412],[-71.571,-36.404],[-71.701,-36.353],[-71.812,-36.255],[-71.974,-36.259],[-71.999,-36.227],[-71.991,-36.209],[-72.073,-36.156],[-72.075,-36.131],[-72.099,-36.137],[-72.103,-36.123],[-72.099,-36.156],[-72.131,-36.192],[-72.139,-36.246],[-72.237,-36.207],[-72.278,-36.261],[-72.316,-36.233],[-72.373,-36.257],[-72.412,-36.208],[-72.338,-36.206],[-72.338,-36.174],[-72.359,-36.157],[-72.405,-36.176],[-72.502,-36.143],[-72.493,-36.072],[-72.583,-36.078],[-72.645,-36.015],[-72.655,-36.047],[-72.687,-36.019],[-72.778,-36.014],[-72.785,-35.975],[-72.693,-35.916],[-72.649,-35.847],[-72.567,-35.795],[-72.583,-35.699],[-72.638,-35.602],[-72.618,-35.561],[-72.488,-35.463],[-72.499,-35.391],[-72.409,-35.319],[-72.384,-35.221],[-72.204,-35.11],[-72.18,-34.895],[-72.15,-34.868],[-72.126,-34.794],[-72.076,-34.745],[-72.066,-34.696],[-72.034,-34.687]]]]}},{"type":"Feature","id":10,"properties":{"id":10,"code":"CL-NB"},"geometry":{"type":"MultiPolygon","coordinates":[[[[-72.349,-36.945],[-72.385,-36.912],[-72.408,-36.929],[-72.462,-36.927],[-72.451,-36.908],[-72.482,-36.897],[-72.51,-36.903],[-72.517,-36.939],[-72.653,-36.922],[-72.645,-36.883],[-72.571,-36.894],[-72.573,-36.866],[-72.538,-36.85],[-72.593,-36.816],[-72.59,-36.734],[-72.654,-36.667],[-72.72,-36.655],[-72.734,-36.617],[-72.773,-36.625],[-72.765,-36.605],[-72.798,-36.606],[-72.798,-36.564],[-72.828,-36.526],[-72.801,-36.511],[-72.81,-36.46],[-72.884,-36.445],[-72.87,-36.383],[-72.809,-36.276],[-72.824,-36.195],[-72.804,-36.143],[-72.815,-36.094],[-72.792,-36.073],[-72.781,-36.015],[-72.684,-36.02],[-72.655,-36.047],[-72.645,-36.015],[-72.583,-36.078],[-72.493,-36.072],[-72.502,-36.143],[-72.401,-36.176],[-72.359,-36.157],[-72.338,-36.174],[-72.338,-36.206],[-72.412,-36.208],[-72.373,-36.257],[-72.316,-36.233],[-72.278,-36.261],[-72.237,-36.207],[-72.139,-36.246],[-72.131,-36.192],[-72.099,-36.156],[-72.103,-36.123],[-71.991,-36.209],[-71.999,-36.227],[-71.974,-36.259],[-71.909,-36.269],[-71.847,-36.247],[-71.812,-36.255],[-71.786,-36.293],[-71.701,-36.353],[-71.571,-36.404],[-71.467,-36.412],[-71.438,-36.433],[-71.41,-36.503],[-71.353,-36.513],[-71.338,-36.543],[-71.27,-36.441],[-71.225,-36.463],[-71.192,-36.413],[-71.156,-36.406],[-71.115,-36.362],[-71.059,-36.387],[-71.068,-36.448],[-71.035,-36.474],[-71.057,-36.618],[-71.011,-36.665],[-71.009,-36.691],[-71.066,-36.715],[-71.086,-36.678],[-71.113,-36.68],[-71.132,-36.814],[-71.18,-36.841],[-71.163,-36.861],[-71.124,-36.861],[-71.149,-36.915],[-71.144,-36.929],[-71.089,-36.928],[-71.101,-36.966],[-71.222,-36.978],[-71.167,-36.997],[-71.141,-37.069],[-71.096,-37.11],[-71.155,-37.116],[-71.189,-37.098],[-71.27,-37.112],[-71.384,-37.067],[-71.41,-37.09],[-71.459,-37.066],[-71.48,-37.02],[-71.51,-37.005],[-71.552,-37.02],[-71.541,-37.084],[-71.563,-37.134],[-71.687,-37.144],[-71.797,-37.109],[-71.899,-37.185],[-71.991,-37.193],[-72.036,-37.166],[-72.066,-37.168],[-72.062,-37.194],[-72.119,-37.179],[-72.16,-37.197],[-72.244,-37.182],[-72.271,-37.195],[-72.28,-37.155],[-72.265,-37.148],[-72.261,-37.093],[-72.182,-37.046],[-72.229,-37.009],[-72.326,-36.981],[-72.349,-36.945]]]]}},{"type":"Feature","id":11,"properties":{"id":11,"code":"CL-BI"},"geometry":{"type":"MultiPolygon","coordinates":[[[[-73.949,-38.316],[-73.863,-38.381],[-73.885,-38.418],[-73.94,-38.418],[-73.93,-38.393],[-73.952,-38.374],[-73.946,-38.335],[-73.961,-38.32],[-73.949,-38.316]]],[[[-73.264,-38.284],[-73.341,-38.366],[-73.308,-38.375],[-73.309,-38.412],[-73.272,-38.435],[-73.288,-38.451],[-73.275,-38.49],[-73.321,-38.482],[-73.32,-38.438],[-73.383,-38.399],[-73.474,-38.473],[-73.517,-38.481],[-73.53,-38.387],[-73.495,-38.327],[-73.514,-38.262],[-73.467,-38.229],[-73.454,-38.082],[-73.535,-37.886],[-73.666,-37.723],[-73.652,-37.7],[-73.681,-37.631],[-73.674,-37.603],[-73.645,-37.586],[-73.645,-37.556],[-73.602,-37.535],[-73.591,-37.461],[-73.632,-37.377],[-73.669,-37.358],[-73.685,-37.367],[-73.67,-37.344],[-73.684,-37.336],[-73.656,-37.3],[-73.673,-37.293],[-73.65,-37.203],[-73.587,-37.145],[-73.543,-37.205],[-73.457,-37.205],[-73.43,-37.239],[-73.394,-37.244],[-73.274,-37.226],[-73.19,-37.168],[-73.152,-37.115],[-73.171,-37.081],[-73.142,-37.061],[-73.151,-37.027],[-73.178,-37.029],[-73.188,-37.0],[-73.157,-36.927],[-73.152,-36.848],[-73.186,-36.787],[-73.22,-36.787],[-73.192,-36.747],[-73.169,-36.767],[-73.131,-36.747],[-73.13,-36.726],[-73.146,-36.734],[-73.163,-36.712],[-73.137,-36.694],[-73.118,-36.615],[-73.09,-36.63],[-73.106,-36.722],[-72.992,-36.733],[-72.973,-36.697],[-72.985,-36.671],[-72.956,-36.627],[-73.002,-36.579],[-72.979,-36.56],[-72.976,-36.526],[-72.953,-36.523],[-72.955,-36.557],[-72.932,-36.543],[-72.898,-36.446],[-72.81,-36.46],[-72.801,-36.511],[-72.828,-36.526],[-72.798,-36.564],[-72.798,-36.606],[-72.765,-36.605],[-72.773,-36.625],[-72.734,-36.617],[-72.72,-36.655],[-72.617,-36.691],[-72.585,-36.748],[-72.603,-36.768],[-72.593,-36.816],[-72.538,-36.85],[-72.573,-36.866],[-72.571,-36.894],[-72.645,-36.883],[-72.653,-36.922],[-72.517,-36.939],[-72.502,-36.896],[-72.451,-36.908],[-72.462,-36.927],[-72.408,-36.929],[-72.385,-36.912],[-72.326,-36.981],[-72.192,-37.03],[-72.187,-37.053],[-72.261,-37.093],[-72.272,-37.121],[-72.274,-37.195],[-72.244,-37.182],[-72.062,-37.194],[-72.066,-37.168],[-72.036,-37.166],[-71.991,-37.193],[-71.899,-37.185],[-71.797,-37.109],[-71.687,-37.144],[-71.563,-37.134],[-71.541,-37.084],[-71.552,-37.02],[-71.51,-37.005],[-71.48,-37.02],[-71.459,-37.066],[-71.41,-37.09],[-71.383,-37.067],[-71.27,-37.112],[-71.189,-37.098],[-71.155,-37.116],[-71.093,-37.114],[-71.135,-37.142],[-71.115,-37.207],[-71.17,-37.225],[-71.156,-37.234],[-71.187,-37.276],[-71.221,-37.275],[-71.208,-37.338],[-71.186,-37.356],[-71.199,-37.381],[-71.152,-37.402],[-71.118,-37.489],[-71.15,-37.539],[-71.128,-37.587],[-71.192,-37.629],[-71.211,-37.689],[-71.156,-37.757],[-71.171,-37.78],[-71.153,-37.81],[-71.126,-37.822],[-71.183,-37.858],[-71.141,-37.859],[-71.107,-37.891],[-71.114,-37.952],[-71.062,-37.97],[-71.056,-38.045],[-70.983,-38.105],[-71.045,-38.122],[-71.085,-38.09],[-71.153,-38.111],[-71.259,-38.097],[-71.283,-38.11],[-71.302,-38.09],[-71.377,-38.085],[-71.413,-38.107],[-71.436,-38.177],[-71.532,-38.204],[-71.554,-38.246],[-71.58,-38.231],[-71.609,-38.241],[-71.649,-38.314],[-71.709,-38.266],[-71.688,-38.25],[-71.716,-38.21],[-71.694,-38.169],[-71.721,-38.146],[-71.698,-38.084],[-71.734,-38.043],[-71.777,-38.03],[-71.879,-38.078],[-71.931,-38.045],[-71.966,-37.994],[-72.049,-38.014],[-72.102,-37.999],[-72.129,-37.953],[-72.245,-37.878],[-72.318,-37.882],[-72.401,-37.842],[-72.479,-37.748],[-72.472,-37.709],[-72.494,-37.646],[-72.538,-37.666],[-72.649,-37.665],[-72.653,-37.621],[-72.727,-37.626],[-72.776,-37.582],[-72.927,-37.62],[-73.071,-37.621],[-73.059,-37.64],[-73.08,-37.676],[-73.124,-37.689],[-73.103,-37.726],[-73.071,-37.71],[-73.024,-37.72],[-73.016,-37.753],[-73.042,-37.781],[-73.024,-37.807],[-73.047,-37.845],[-73.125,-37.877],[-73.13,-37.896],[-73.111,-37.908],[-73.12,-37.959],[-73.186,-37.988],[-73.206,-38.053],[-73.081,-38.096],[-73.078,-38.177],[-73.093,-38.192],[-73.131,-38.184],[-73.138,-38.216],[-73.201,-38.231],[-73.222,-38.272],[-73.264,-38.284]]]]}},{"type":"Feature","id":12,"properties":{"id":12,"code":"CL-AR"},"geometry":{"type":"MultiPolygon","coordinates":[[[[-72.776,-37.582],[-72.727,-37.626],[-72.653,-37.621],[-72.651,-37.665],[-72.538,-37.666],[-72.494,-37.646],[-72.472,-37.709],[-72.479,-37.748],[-72.401,-37.842],[-72.318,-37.882],[-72.245,-37.878],[-72.129,-37.953],[-72.102,-37.999],[-72.049,-38.014],[-71.966,-37.994],[-71.931,-38.045],[-71.879,-38.078],[-71.777,-38.03],[-71.734,-38.043],[-71.698,-38.084],[-71.721,-38.146],[-71.694,-38.169],[-71.716,-38.21],[-71.688,-38.25],[-71.709,-38.266],[-71.649,-38.314],[-71.609,-38.241],[-71.58,-38.231],[-71.554,-38.246],[-71.532,-38.204],[-71.436,-38.177],[-71.413,-38.107],[-71.377,-38.085],[-71.302,-38.09],[-71.283,-38.11],[-71.259,-38.097],[-71.153,-38.111],[-71.085,-38.09],[-70.996,-38.171],[-70.997,-38.203],[-71.021,-38.214],[-71.033,-38.249],[-70.997,-38.291],[-70.984,-38.431],[-70.91,-38.504],[-70.842,-38.54],[-70.828,-38.596],[-70.903,-38.668],[-70.884,-38.702],[-70.925,-38.764],[-71.069,-38.769],[-71.096,-38.755],[-71.186,-38.815],[-71.238,-38.802],[-71.296,-38.872],[-71.434,-38.929],[-71.44,-38.978],[-71.397,-39.046],[-71.418,-39.07],[-71.421,-39.151],[-71.382,-39.21],[-71.391,-39.259],[-71.374,-39.282],[-71.395,-39.303],[-71.399,-39.35],[-71.458,-39.372],[-71.448,-39.451],[-71.473,-39.492],[-71.517,-39.503],[-71.534,-39.527],[-71.505,-39.558],[-71.467,-39.557],[-71.461,-39.583],[-71.503,-39.637],[-71.61,-39.628],[-71.624,-39.592],[-71.696,-39.563],[-71.704,-39.502],[-71.762,-39.508],[-71.842,-39.47],[-71.861,-39.435],[-71.922,-39.421],[-72.01,-39.447],[-72.118,-39.511],[-72.215,-39.531],[-72.27,-39.511],[-72.22,-39.467],[-72.343,-39.509],[-72.44,-39.475],[-72.517,-39.477],[-72.532,-39.434],[-72.658,-39.46],[-72.689,-39.433],[-72.789,-39.432],[-72.793,-39.405],[-72.839,-39.414],[-72.857,-39.397],[-72.896,-39.433],[-72.9,-39.381],[-72.857,-39.357],[-72.834,-39.316],[-72.858,-39.288],[-72.908,-39.289],[-72.946,-39.317],[-73.023,-39.298],[-73.034,-39.337],[-73.086,-39.389],[-73.16,-39.416],[-73.243,-39.39],[-73.205,-39.376],[-73.232,-39.307],[-73.225,-39.255],[-73.319,-38.988],[-73.408,-38.787],[-73.488,-38.658],[-73.519,-38.482],[-73.474,-38.473],[-73.383,-38.399],[-73.32,-38.438],[-73.321,-38.482],[-73.275,-38.49],[-73.288,-38.451],[-73.272,-38.435],[-73.309,-38.412],[-73.308,-38.375],[-73.341,-38.367],[-73.329,-38.343],[-73.265,-38.285],[-73.222,-38.272],[-73.201,-38.231],[-73.138,-38.216],[-73.132,-38.184],[-73.093,-38.192],[-73.078,-38.177],[-73.081,-38.096],[-73.206,-38.041],[-73.185,-37.987],[-73.12,-37.959],[-73.111,-37.908],[-73.13,-37.896],[-73.125,-37.877],[-73.047,-37.845],[-73.024,-37.808],[-73.042,-37.781],[-73.016,-37.753],[-73.024,-37.72],[-73.071,-37.71],[-73.103,-37.726],[-73.124,-37.689],[-73.08,-37.676],[-73.059,-37.64],[-73.071,-37.621],[-72.927,-37.62],[-72.776,-37.582]]]]}},{"type":"Feature","id":13,"properties":{"id":13,"code":"CL-LR"},"geometry":{"type":"MultiPolygon","coordinates":[[[[-73.308,-39.858],[-73.258,-39.899],[-73.286,-39.946],[-73.319,-39.939],[-73.345,-39.902],[-73.321,-39.899],[-73.38,-39.884],[-73.308,-39.858]]],[[[-72.863,-39.288],[-72.834,-39.316],[-72.857,-39.357],[-72.9,-39.381],[-72.896,-39.433],[-72.857,-39.397],[-72.839,-39.414],[-72.793,-39.405],[-72.789,-39.432],[-72.689,-39.433],[-72.658,-39.46],[-72.532,-39.434],[-72.517,-39.477],[-72.44,-39.475],[-72.343,-39.509],[-72.22,-39.467],[-72.27,-39.511],[-72.215,-39.531],[-72.118,-39.511],[-72.01,-39.447],[-71.927,-39.421],[-71.861,-39.435],[-71.842,-39.47],[-71.762,-39.508],[-71.703,-39.503],[-71.708,-39.535],[-71.679,-39.566],[-71.716,-39.649],[-71.669,-39.682],[-71.704,-39.695],[-71.694,-39.707],[-71.712,-39.725],[-71.667,-39.808],[-71.692,-39.824],[-71.691,-39.843],[-71.671,-39.864],[-71.636,-39.859],[-71.634,-39.881],[-71.613,-39.875],[-71.592,-39.912],[-71.624,-39.938],[-71.623,-39.976],[-71.651,-39.973],[-71.688,-40.032],[-71.666,-40.073],[-71.674,-40.105],[-71.698,-40.118],[-71.814,-40.08],[-71.827,-40.091],[-71.799,-40.138],[-71.829,-40.173],[-71.798,-40.187],[-71.83,-40.217],[-71.762,-40.276],[-71.755,-40.303],[-71.736,-40.306],[-71.717,-40.279],[-71.684,-40.294],[-71.657,-40.364],[-71.694,-40.373],[-71.693,-40.405],[-71.741,-40.437],[-71.794,-40.407],[-71.825,-40.42],[-71.858,-40.555],[-71.889,-40.551],[-71.885,-40.584],[-71.929,-40.591],[-71.97,-40.635],[-72.052,-40.63],[-72.067,-40.656],[-72.199,-40.672],[-72.287,-40.646],[-72.335,-40.676],[-72.438,-40.654],[-72.607,-40.681],[-72.657,-40.625],[-72.781,-40.597],[-72.815,-40.546],[-72.892,-40.507],[-72.907,-40.441],[-72.98,-40.386],[-73.059,-40.372],[-73.078,-40.345],[-73.149,-40.361],[-73.308,-40.335],[-73.406,-40.338],[-73.447,-40.304],[-73.454,-40.27],[-73.511,-40.289],[-73.578,-40.283],[-73.597,-40.302],[-73.672,-40.277],[-73.683,-40.239],[-73.715,-40.245],[-73.725,-40.2],[-73.696,-40.192],[-73.653,-40.134],[-73.665,-40.051],[-73.707,-40.006],[-73.681,-39.992],[-73.677,-39.964],[-73.593,-39.957],[-73.593,-39.931],[-73.515,-39.915],[-73.469,-39.852],[-73.425,-39.87],[-73.431,-39.886],[-73.403,-39.907],[-73.414,-39.933],[-73.402,-39.92],[-73.377,-39.943],[-73.376,-39.894],[-73.339,-39.912],[-73.327,-39.952],[-73.296,-39.954],[-73.287,-39.983],[-73.306,-39.946],[-73.272,-39.939],[-73.257,-39.906],[-73.222,-39.938],[-73.258,-39.873],[-73.173,-39.888],[-73.168,-39.912],[-73.13,-39.929],[-73.155,-39.911],[-73.136,-39.886],[-73.188,-39.856],[-73.171,-39.873],[-73.205,-39.892],[-73.226,-39.859],[-73.239,-39.879],[-73.24,-39.854],[-73.243,-39.876],[-73.264,-39.872],[-73.268,-39.841],[-73.246,-39.809],[-73.214,-39.821],[-73.192,-39.785],[-73.163,-39.804],[-73.189,-39.782],[-73.221,-39.819],[-73.255,-39.799],[-73.253,-39.778],[-73.237,-39.79],[-73.25,-39.746],[-73.234,-39.731],[-73.106,-39.689],[-73.084,-39.706],[-73.087,-39.687],[-73.133,-39.704],[-73.148,-39.686],[-73.168,-39.703],[-73.186,-39.692],[-73.117,-39.644],[-73.161,-39.661],[-73.123,-39.613],[-73.15,-39.627],[-73.164,-39.664],[-73.166,-39.622],[-73.18,-39.635],[-73.128,-39.595],[-73.175,-39.628],[-73.163,-39.592],[-73.19,-39.623],[-73.18,-39.671],[-73.237,-39.667],[-73.2,-39.682],[-73.222,-39.719],[-73.242,-39.692],[-73.241,-39.719],[-73.298,-39.747],[-73.26,-39.759],[-73.28,-39.799],[-73.265,-39.831],[-73.285,-39.856],[-73.291,-39.832],[-73.311,-39.839],[-73.293,-39.852],[-73.329,-39.856],[-73.332,-39.814],[-73.347,-39.809],[-73.334,-39.857],[-73.4,-39.875],[-73.391,-39.85],[-73.41,-39.832],[-73.39,-39.793],[-73.405,-39.694],[-73.353,-39.674],[-73.361,-39.656],[-73.32,-39.637],[-73.282,-39.588],[-73.289,-39.555],[-73.253,-39.539],[-73.261,-39.509],[-73.245,-39.495],[-73.266,-39.459],[-73.216,-39.431],[-73.243,-39.39],[-73.16,-39.416],[-73.086,-39.389],[-73.034,-39.337],[-73.023,-39.298],[-72.946,-39.317],[-72.908,-39.289],[-72.863,-39.288]]]]}},{"type":"Feature","id":14,"properties":{"id":14,"code":"CL-LL"},"geometry":{"type":"MultiPolygon","coordinates":[[[[-74.742,-43.518],[-74.58,-43.594],[-74.553,-43.628],[-74.614,-43.641],[-74.697,-43.645],[-74.771,-43.683],[-74.815,-43.631],[-74.838,-43.563],[-74.786,-43.578],[-74.745,-43.567],[-74.742,-43.518]]],[[[-73.758,-43.318],[-73.667,-43.348],[-73.676,-43.388],[-73.699,-43.384],[-73.725,-43.4],[-73.773,-43.384],[-73.808,-43.321],[-73.758,-43.318]]],[[[-73.53,-42.916],[-73.323,-43.015],[-73.466,-42.994],[-73.515,-42.975],[-73.525,-42.945],[-73.569,-42.959],[-73.574,-42.936],[-73.604,-42.933],[-73.53,-42.916]]],[[[-73.03,-42.696],[-72.996,-42.703],[-72.975,-42.739],[-72.927,-42.721],[-72.917,-42.782],[-72.942,-42.782],[-72.967,-42.75],[-72.946,-42.783],[-72.952,-42.797],[-72.937,-42.796],[-72.956,-42.81],[-73.031,-42.72],[-73.03,-42.696]]],[[[-73.593,-42.571],[-73.566,-42.618],[-73.581,-42.672],[-73.553,-42.685],[-73.521,-42.673],[-73.534,-42.7],[-73.578,-42.708],[-73.597,-42.652],[-73.661,-42.639],[-73.702,-42.655],[-73.744,-42.631],[-73.739,-42.615],[-73.72,-42.619],[-73.738,-42.611],[-73.721,-42.596],[-73.678,-42.603],[-73.593,-42.571]]],[[[-73.596,-42.382],[-73.514,-42.402],[-73.513,-42.458],[-73.459,-42.479],[-73.396,-42.541],[-73.399,-42.587],[-73.443,-42.572],[-73.435,-42.541],[-73.407,-42.551],[-73.452,-42.518],[-73.509,-42.508],[-73.539,-42.469],[-73.638,-42.469],[-73.604,-42.438],[-73.658,-42.39],[-73.596,-42.382]]],[[[-73.061,-42.271],[-73.06,-42.299],[-73.131,-42.343],[-73.176,-42.276],[-73.158,-42.268],[-73.135,-42.296],[-73.114,-42.289],[-73.127,-42.277],[-73.102,-42.281],[-73.138,-42.279],[-73.11,-42.258],[-73.061,-42.271]]],[[[-72.497,-42.077],[-72.477,-42.09],[-72.495,-42.1],[-72.48,-42.143],[-72.49,-42.17],[-72.552,-42.137],[-72.609,-42.134],[-72.57,-42.078],[-72.556,-42.079],[-72.558,-42.104],[-72.536,-42.074],[-72.497,-42.077]]],[[[-73.881,-41.782],[-73.912,-41.796],[-73.853,-41.83],[-73.886,-41.859],[-73.899,-41.826],[-73.914,-41.854],[-73.945,-41.82],[-73.972,-41.835],[-73.987,-41.82],[-73.986,-41.837],[-74.005,-41.839],[-73.922,-41.877],[-73.846,-41.883],[-73.817,-41.858],[-73.789,-41.879],[-73.8,-41.868],[-73.762,-41.864],[-73.663,-41.797],[-73.625,-41.826],[-73.589,-41.794],[-73.539,-41.797],[-73.527,-41.827],[-73.476,-41.832],[-73.532,-41.877],[-73.47,-41.905],[-73.528,-41.893],[-73.509,-41.924],[-73.544,-41.926],[-73.563,-41.954],[-73.521,-41.968],[-73.518,-41.951],[-73.483,-42.018],[-73.414,-42.073],[-73.433,-42.114],[-73.464,-42.126],[-73.483,-42.111],[-73.471,-42.143],[-73.488,-42.162],[-73.423,-42.178],[-73.398,-42.211],[-73.362,-42.208],[-73.36,-42.241],[-73.409,-42.261],[-73.377,-42.244],[-73.337,-42.266],[-73.36,-42.295],[-73.356,-42.338],[-73.435,-42.33],[-73.433,-42.308],[-73.471,-42.344],[-73.508,-42.327],[-73.513,-42.342],[-73.545,-42.334],[-73.669,-42.387],[-73.641,-42.436],[-73.684,-42.48],[-73.576,-42.535],[-73.629,-42.524],[-73.64,-42.547],[-73.72,-42.569],[-73.739,-42.538],[-73.783,-42.534],[-73.744,-42.518],[-73.723,-42.46],[-73.725,-42.425],[-73.757,-42.426],[-73.748,-42.475],[-73.767,-42.465],[-73.758,-42.483],[-73.805,-42.539],[-73.75,-42.552],[-73.788,-42.611],[-73.706,-42.664],[-73.659,-42.666],[-73.681,-42.694],[-73.632,-42.702],[-73.608,-42.75],[-73.547,-42.755],[-73.473,-42.814],[-73.463,-42.883],[-73.486,-42.903],[-73.477,-42.876],[-73.494,-42.862],[-73.488,-42.885],[-73.509,-42.87],[-73.57,-42.888],[-73.605,-42.847],[-73.612,-42.803],[-73.623,-42.847],[-73.653,-42.848],[-73.605,-42.852],[-73.586,-42.89],[-73.738,-42.839],[-73.752,-42.85],[-73.664,-42.88],[-73.622,-42.923],[-73.616,-42.942],[-73.646,-42.942],[-73.591,-42.955],[-73.618,-42.978],[-73.545,-42.974],[-73.538,-43.03],[-73.51,-43.07],[-73.572,-43.033],[-73.623,-43.039],[-73.622,-43.054],[-73.517,-43.073],[-73.485,-43.094],[-73.481,-43.144],[-73.533,-43.125],[-73.542,-43.1],[-73.543,-43.122],[-73.632,-43.118],[-73.627,-43.145],[-73.7,-43.151],[-73.715,-43.144],[-73.717,-43.093],[-73.731,-43.094],[-73.726,-43.115],[-73.756,-43.145],[-73.739,-43.172],[-73.752,-43.205],[-73.674,-43.267],[-73.661,-43.318],[-73.795,-43.313],[-73.876,-43.28],[-73.81,-43.313],[-73.791,-43.378],[-73.805,-43.416],[-73.825,-43.402],[-73.822,-43.422],[-73.885,-43.421],[-73.926,-43.37],[-73.98,-43.361],[-74.004,-43.391],[-74.022,-43.351],[-74.104,-43.392],[-74.144,-43.349],[-74.299,-43.327],[-74.327,-43.293],[-74.366,-43.292],[-74.407,-43.261],[-74.348,-43.149],[-74.307,-43.136],[-74.312,-43.118],[-74.336,-43.117],[-74.316,-43.105],[-74.336,-43.099],[-74.324,-43.077],[-74.29,-43.081],[-74.258,-43.039],[-74.225,-43.028],[-74.266,-42.993],[-74.207,-42.968],[-74.209,-42.93],[-74.228,-42.918],[-74.172,-42.904],[-74.152,-42.855],[-74.168,-42.767],[-74.144,-42.76],[-74.159,-42.718],[-74.126,-42.701],[-74.122,-42.646],[-74.157,-42.542],[-74.2,-42.515],[-74.177,-42.482],[-74.185,-42.42],[-74.14,-42.331],[-74.173,-42.268],[-74.136,-42.199],[-74.054,-42.146],[-74.058,-42.097],[-74.028,-42.07],[-74.032,-42.023],[-74.057,-41.988],[-74.052,-41.961],[-74.025,-41.949],[-74.057,-41.938],[-74.009,-41.927],[-73.994,-41.89],[-74.057,-41.838],[-74.053,-41.803],[-74.03,-41.807],[-74.003,-41.773],[-73.954,-41.797],[-73.913,-41.788],[-73.901,-41.767],[-73.881,-41.782]]],[[[-73.058,-41.732],[-72.984,-41.858],[-73.031,-41.863],[-73.115,-41.807],[-73.072,-41.82],[-73.101,-41.793],[-73.087,-41.791],[-73.045,-41.821],[-73.098,-41.773],[-73.066,-41.775],[-73.088,-41.765],[-73.073,-41.745],[-73.087,-41.748],[-73.058,-41.732]]],[[[-72.96,-41.659],[-72.886,-41.699],[-72.924,-41.69],[-72.908,-41.709],[-72.929,-41.712],[-72.963,-41.695],[-72.953,-41.725],[-73.002,-41.706],[-72.993,-41.669],[-72.96,-41.659]]],[[[-72.85,-41.496],[-72.886,-41.499],[-72.94,-41.473],[-73.041,-41.518],[-73.031,-41.562],[-73.097,-41.592],[-73.064,-41.614],[-73.087,-41.62],[-73.054,-41.645],[-73.066,-41.667],[-73.038,-41.704],[-73.061,-41.722],[-73.098,-41.699],[-73.094,-41.73],[-73.135,-41.755],[-73.16,-41.739],[-73.15,-41.704],[-73.172,-41.741],[-73.127,-41.763],[-73.19,-41.783],[-73.158,-41.777],[-73.16,-41.791],[-73.235,-41.802],[-73.233,-41.772],[-73.261,-41.788],[-73.407,-41.764],[-73.348,-41.814],[-73.42,-41.783],[-73.48,-41.799],[-73.552,-41.77],[-73.764,-41.742],[-73.722,-41.73],[-73.686,-41.665],[-73.697,-41.634],[-73.67,-41.641],[-73.651,-41.603],[-73.552,-41.638],[-73.574,-41.618],[-73.515,-41.607],[-73.481,-41.526],[-73.419,-41.508],[-73.373,-41.524],[-73.406,-41.504],[-73.347,-41.524],[-73.329,-41.504],[-73.34,-41.481],[-73.331,-41.505],[-73.347,-41.522],[-73.415,-41.496],[-73.477,-41.514],[-73.529,-41.588],[-73.565,-41.581],[-73.602,-41.606],[-73.655,-41.586],[-73.663,-41.573],[-73.641,-41.563],[-73.68,-41.503],[-73.705,-41.494],[-73.672,-41.58],[-73.701,-41.574],[-73.659,-41.589],[-73.675,-41.602],[-73.751,-41.559],[-73.789,-41.586],[-73.799,-41.506],[-73.854,-41.464],[-73.833,-41.444],[-73.856,-41.428],[-73.835,-41.411],[-73.831,-41.334],[-73.874,-41.204],[-73.919,-41.145],[-73.906,-41.125],[-73.928,-41.11],[-73.918,-41.084],[-73.938,-41.06],[-73.932,-40.999],[-73.946,-40.985],[-73.936,-40.963],[-73.848,-40.921],[-73.852,-40.89],[-73.877,-40.886],[-73.887,-40.86],[-73.831,-40.722],[-73.803,-40.718],[-73.834,-40.667],[-73.81,-40.662],[-73.801,-40.632],[-73.756,-40.62],[-73.761,-40.603],[-73.735,-40.595],[-73.744,-40.57],[-73.716,-40.555],[-73.735,-40.503],[-73.757,-40.497],[-73.75,-40.482],[-73.779,-40.458],[-73.749,-40.444],[-73.761,-40.421],[-73.747,-40.407],[-73.766,-40.396],[-73.74,-40.341],[-73.752,-40.301],[-73.715,-40.245],[-73.685,-40.238],[-73.672,-40.277],[-73.597,-40.302],[-73.578,-40.283],[-73.511,-40.289],[-73.456,-40.27],[-73.447,-40.304],[-73.406,-40.338],[-73.308,-40.335],[-73.149,-40.361],[-73.078,-40.345],[-73.059,-40.372],[-72.98,-40.386],[-72.907,-40.441],[-72.892,-40.507],[-72.815,-40.546],[-72.781,-40.597],[-72.657,-40.625],[-72.607,-40.681],[-72.438,-40.654],[-72.335,-40.676],[-72.287,-40.646],[-72.199,-40.672],[-72.1,-40.664],[-72.067,-40.656],[-72.052,-40.63],[-71.97,-40.635],[-71.881,-40.567],[-71.855,-40.592],[-71.825,-40.578],[-71.868,-40.663],[-71.962,-40.718],[-71.965,-40.746],[-71.92,-40.785],[-71.934,-40.822],[-71.909,-40.857],[-71.859,-40.881],[-71.857,-40.959],[-71.899,-40.959],[-71.905,-40.985],[-71.818,-41.063],[-71.851,-41.099],[-71.84,-41.15],[-71.887,-41.161],[-71.834,-41.272],[-71.899,-41.256],[-71.876,-41.309],[-71.91,-41.359],[-71.866,-41.397],[-71.864,-41.422],[-71.836,-41.433],[-71.829,-41.481],[-71.852,-41.516],[-71.818,-41.576],[-71.848,-41.566],[-71.886,-41.606],[-71.836,-41.647],[-71.818,-41.69],[-71.794,-41.694],[-71.81,-41.721],[-71.753,-41.786],[-71.773,-41.795],[-71.751,-41.825],[-71.797,-41.843],[-71.772,-41.93],[-71.794,-41.962],[-71.757,-42.037],[-71.728,-42.045],[-71.74,-42.084],[-71.725,-42.11],[-71.777,-42.13],[-71.782,-42.148],[-71.874,-42.155],[-71.916,-42.189],[-71.953,-42.165],[-71.958,-42.141],[-72.005,-42.14],[-72.054,-42.114],[-72.08,-42.131],[-72.067,-42.147],[-72.175,-42.142],[-72.188,-42.158],[-72.156,-42.2],[-72.168,-42.26],[-72.121,-42.323],[-72.137,-42.329],[-72.131,-42.384],[-72.113,-42.399],[-72.076,-42.383],[-72.027,-42.408],[-72.047,-42.452],[-72.011,-42.488],[-72.056,-42.57],[-72.078,-42.568],[-72.117,-42.603],[-72.118,-42.629],[-72.097,-42.642],[-72.136,-42.68],[-72.171,-42.671],[-72.179,-42.696],[-72.129,-42.731],[-72.146,-42.741],[-72.131,-42.777],[-72.165,-42.799],[-72.119,-42.876],[-72.143,-42.899],[-72.117,-42.937],[-72.073,-42.95],[-72.002,-43.038],[-71.935,-43.054],[-71.933,-43.102],[-71.854,-43.127],[-71.859,-43.142],[-71.76,-43.165],[-71.73,-43.199],[-71.757,-43.228],[-71.734,-43.313],[-71.787,-43.297],[-71.839,-43.334],[-71.903,-43.321],[-71.891,-43.382],[-71.933,-43.386],[-71.913,-43.417],[-71.931,-43.457],[-71.881,-43.451],[-71.848,-43.484],[-71.891,-43.51],[-71.868,-43.522],[-71.877,-43.549],[-71.777,-43.539],[-71.76,-43.584],[-71.708,-43.584],[-71.703,-43.626],[-71.627,-43.624],[-71.581,-43.652],[-71.588,-43.675],[-71.612,-43.676],[-71.6,-43.697],[-71.662,-43.703],[-71.662,-43.721],[-71.698,-43.727],[-71.754,-43.788],[-71.764,-43.841],[-71.708,-43.855],[-71.707,-43.895],[-71.665,-43.902],[-71.649,-43.946],[-71.737,-44.067],[-71.79,-44.055],[-71.827,-44.0],[-71.808,-43.955],[-71.857,-43.929],[-71.91,-43.941],[-71.969,-43.925],[-71.956,-43.946],[-71.979,-43.967],[-72.015,-43.965],[-72.044,-43.936],[-72.078,-43.956],[-72.108,-43.934],[-72.081,-43.897],[-72.12,-43.878],[-72.181,-43.895],[-72.203,-43.854],[-72.193,-43.842],[-72.278,-43.835],[-72.24,-43.807],[-72.304,-43.78],[-72.271,-43.761],[-72.309,-43.732],[-72.298,-43.713],[-72.334,-43.674],[-72.403,-43.69],[-72.423,-43.73],[-72.476,-43.735],[-72.501,-43.797],[-72.612,-43.755],[-72.654,-43.76],[-72.662,-43.777],[-72.764,-43.77],[-72.767,-43.75],[-72.8,-43.74],[-72.767,-43.685],[-72.807,-43.638],[-72.824,-43.645],[-72.855,-43.74],[-72.894,-43.738],[-72.938,-43.697],[-73.049,-43.738],[-73.037,-43.715],[-72.966,-43.683],[-72.949,-43.637],[-72.875,-43.611],[-72.883,-43.577],[-72.913,-43.606],[-73.0,-43.594],[-73.028,-43.537],[-73.05,-43.532],[-73.041,-43.517],[-73.091,-43.467],[-73.091,-43.432],[-73.051,-43.395],[-73.063,-43.323],[-72.98,-43.267],[-72.871,-43.233],[-72.914,-43.131],[-72.858,-43.029],[-72.78,-43.029],[-72.773,-43.059],[-72.692,-43.105],[-72.726,-43.079],[-72.752,-43.009],[-72.775,-43.006],[-72.817,-42.951],[-72.808,-42.933],[-72.724,-42.972],[-72.713,-42.913],[-72.834,-42.836],[-72.856,-42.767],[-72.834,-42.746],[-72.841,-42.705],[-72.811,-42.716],[-72.799,-42.699],[-72.854,-42.62],[-72.812,-42.51],[-72.675,-42.521],[-72.603,-42.562],[-72.573,-42.558],[-72.553,-42.582],[-72.49,-42.578],[-72.497,-42.548],[-72.507,-42.571],[-72.534,-42.557],[-72.52,-42.545],[-72.631,-42.513],[-72.697,-42.444],[-72.699,-42.408],[-72.765,-42.377],[-72.785,-42.31],[-72.82,-42.323],[-72.838,-42.294],[-72.768,-42.243],[-72.74,-42.254],[-72.752,-42.236],[-72.736,-42.225],[-72.67,-42.225],[-72.582,-42.188],[-72.514,-42.245],[-72.527,-42.273],[-72.509,-42.346],[-72.447,-42.417],[-72.456,-42.449],[-72.435,-42.475],[-72.449,-42.498],[-72.422,-42.48],[-72.39,-42.489],[-72.419,-42.444],[-72.415,-42.374],[-72.457,-42.345],[-72.47,-42.301],[-72.446,-42.27],[-72.372,-42.249],[-72.447,-42.257],[-72.46,-42.201],[-72.443,-42.165],[-72.348,-42.17],[-72.448,-42.164],[-72.465,-42.144],[-72.467,-42.079],[-72.429,-41.975],[-72.494,-41.97],[-72.535,-42.044],[-72.587,-42.044],[-72.584,-42.008],[-72.599,-42.006],[-72.614,-42.043],[-72.643,-42.037],[-72.628,-42.015],[-72.683,-42.003],[-72.689,-42.031],[-72.811,-41.973],[-72.803,-41.941],[-72.878,-41.914],[-72.79,-41.87],[-72.79,-41.837],[-72.7,-41.788],[-72.649,-41.731],[-72.588,-41.748],[-72.465,-41.726],[-72.395,-41.701],[-72.327,-41.647],[-72.316,-41.656],[-72.323,-41.595],[-72.282,-41.506],[-72.315,-41.494],[-72.275,-41.392],[-72.317,-41.37],[-72.328,-41.411],[-72.301,-41.423],[-72.326,-41.452],[-72.366,-41.636],[-72.387,-41.661],[-72.57,-41.715],[-72.648,-41.697],[-72.669,-41.617],[-72.706,-41.6],[-72.739,-41.533],[-72.752,-41.555],[-72.824,-41.485],[-72.85,-41.496]]]]}},{"type":"Feature","id":15,"properties":{"id":15,"code":"CL-AI"},"geometry":{"type":"MultiPolygon","coordinates":[[[[-75.235,-48.617],[-75.211,-48.694],[-75.232,-48.697],[-75.231,-48.685],[-75.294,-48.724],[-75.327,-48.716],[-75.295,-48.698],[-75.342,-48.713],[-75.292,-48.65],[-75.235,-48.617]]],[[[-75.25,-48.585],[-75.25,-48.619],[-75.344,-48.685],[-75.359,-48.714],[-75.427,-48.738],[-75.398,-48.722],[-75.411,-48.725],[-75.396,-48.699],[-75.487,-48.764],[-75.546,-48.769],[-75.55,-48.751],[-75.58,-48.755],[-75.597,-48.731],[-75.595,-48.65],[-75.454,-48.701],[-75.464,-48.691],[-75.447,-48.679],[-75.358,-48.651],[-75.25,-48.585]]],[[[-75.315,-48.479],[-75.296,-48.498],[-75.308,-48.475],[-75.279,-48.416],[-75.241,-48.435],[-75.271,-48.459],[-75.258,-48.499],[-75.32,-48.522],[-75.248,-48.516],[-75.222,-48.556],[-75.232,-48.588],[-75.265,-48.562],[-75.266,-48.59],[-75.454,-48.68],[-75.563,-48.642],[-75.531,-48.617],[-75.408,-48.63],[-75.435,-48.624],[-75.328,-48.561],[-75.44,-48.618],[-75.49,-48.611],[-75.322,-48.523],[-75.501,-48.609],[-75.534,-48.606],[-75.536,-48.591],[-75.511,-48.593],[-75.535,-48.59],[-75.584,-48.593],[-75.604,-48.531],[-75.579,-48.527],[-75.595,-48.504],[-75.576,-48.484],[-75.599,-48.45],[-75.549,-48.452],[-75.543,-48.417],[-75.465,-48.449],[-75.471,-48.468],[-75.394,-48.437],[-75.444,-48.439],[-75.353,-48.406],[-75.35,-48.434],[-75.369,-48.446],[-75.344,-48.454],[-75.341,-48.419],[-75.291,-48.405],[-75.307,-48.47],[-75.342,-48.475],[-75.315,-48.479]]],[[[-74.463,-48.372],[-74.235,-48.472],[-74.36,-48.537],[-74.4,-48.512],[-74.397,-48.459],[-74.454,-48.432],[-74.461,-48.401],[-74.44,-48.392],[-74.464,-48.389],[-74.463,-48.372]]],[[[-74.117,-48.352],[-74.063,-48.397],[-74.006,-48.393],[-73.995,-48.42],[-73.993,-48.496],[-74.148,-48.44],[-74.134,-48.425],[-74.2,-48.392],[-74.196,-48.364],[-74.117,-48.352]]],[[[-74.278,-48.272],[-74.235,-48.297],[-74.248,-48.332],[-74.215,-48.391],[-74.141,-48.428],[-74.228,-48.469],[-74.295,-48.426],[-74.247,-48.447],[-74.263,-48.423],[-74.292,-48.424],[-74.446,-48.355],[-74.379,-48.332],[-74.217,-48.416],[-74.369,-48.332],[-74.278,-48.272]]],[[[-74.693,-48.121],[-74.659,-48.132],[-74.635,-48.17],[-74.643,-48.192],[-74.681,-48.19],[-74.646,-48.216],[-74.668,-48.264],[-74.647,-48.22],[-74.629,-48.217],[-74.609,-48.241],[-74.629,-48.274],[-74.614,-48.28],[-74.628,-48.278],[-74.546,-48.341],[-74.558,-48.343],[-74.535,-48.383],[-74.55,-48.408],[-74.582,-48.391],[-74.645,-48.414],[-74.596,-48.417],[-74.554,-48.46],[-74.566,-48.537],[-74.531,-48.569],[-74.558,-48.585],[-74.528,-48.577],[-74.472,-48.627],[-74.456,-48.612],[-74.488,-48.592],[-74.488,-48.566],[-74.468,-48.584],[-74.468,-48.559],[-74.44,-48.578],[-74.428,-48.631],[-74.458,-48.675],[-74.551,-48.691],[-74.586,-48.656],[-74.646,-48.658],[-74.674,-48.612],[-74.677,-48.631],[-74.721,-48.632],[-74.823,-48.616],[-74.9,-48.609],[-74.89,-48.553],[-74.904,-48.608],[-74.959,-48.572],[-74.939,-48.564],[-74.961,-48.556],[-74.95,-48.541],[-74.965,-48.496],[-74.949,-48.489],[-74.971,-48.477],[-74.844,-48.391],[-74.823,-48.413],[-74.796,-48.378],[-74.764,-48.378],[-74.748,-48.447],[-74.765,-48.508],[-74.756,-48.526],[-74.743,-48.459],[-74.714,-48.478],[-74.711,-48.546],[-74.703,-48.494],[-74.654,-48.443],[-74.667,-48.417],[-74.696,-48.424],[-74.731,-48.397],[-74.702,-48.4],[-74.754,-48.358],[-74.767,-48.299],[-74.757,-48.255],[-74.722,-48.249],[-74.737,-48.229],[-74.697,-48.212],[-74.714,-48.201],[-74.717,-48.158],[-74.693,-48.121]]],[[[-74.552,-48.105],[-74.478,-48.12],[-74.307,-48.264],[-74.41,-48.332],[-74.477,-48.337],[-74.515,-48.276],[-74.476,-48.22],[-74.417,-48.184],[-74.473,-48.203],[-74.52,-48.266],[-74.549,-48.254],[-74.553,-48.173],[-74.531,-48.159],[-74.487,-48.169],[-74.526,-48.158],[-74.51,-48.143],[-74.525,-48.14],[-74.549,-48.16],[-74.551,-48.137],[-74.47,-48.144],[-74.552,-48.105]]],[[[-75.169,-48.067],[-75.127,-48.086],[-75.073,-48.077],[-75.097,-48.107],[-75.038,-48.094],[-74.95,-48.118],[-75.048,-48.084],[-74.978,-48.083],[-74.878,-48.142],[-74.94,-48.159],[-74.839,-48.16],[-74.856,-48.179],[-74.841,-48.169],[-74.836,-48.191],[-74.877,-48.222],[-74.922,-48.197],[-74.88,-48.231],[-74.828,-48.196],[-74.902,-48.26],[-74.811,-48.203],[-74.782,-48.209],[-74.795,-48.201],[-74.774,-48.188],[-74.792,-48.186],[-74.736,-48.169],[-74.739,-48.213],[-74.783,-48.206],[-74.747,-48.22],[-74.759,-48.241],[-74.793,-48.23],[-74.846,-48.293],[-74.792,-48.237],[-74.767,-48.249],[-74.807,-48.261],[-74.804,-48.277],[-74.791,-48.268],[-74.776,-48.269],[-74.777,-48.3],[-74.8,-48.31],[-74.77,-48.306],[-74.777,-48.366],[-74.83,-48.379],[-74.822,-48.343],[-74.977,-48.447],[-75.048,-48.329],[-75.007,-48.32],[-75.07,-48.33],[-75.105,-48.272],[-75.09,-48.262],[-75.112,-48.262],[-75.046,-48.238],[-75.09,-48.242],[-75.041,-48.203],[-75.104,-48.245],[-75.129,-48.228],[-75.096,-48.209],[-75.14,-48.228],[-75.147,-48.21],[-75.109,-48.182],[-75.151,-48.2],[-75.154,-48.188],[-75.069,-48.15],[-75.15,-48.181],[-75.16,-48.157],[-75.109,-48.14],[-75.162,-48.154],[-75.153,-48.111],[-75.172,-48.127],[-75.213,-48.075],[-75.169,-48.067]]],[[[-75.314,-47.997],[-75.272,-48.038],[-75.282,-48.063],[-75.336,-48.069],[-75.292,-48.067],[-75.323,-48.15],[-75.287,-48.074],[-75.255,-48.069],[-75.263,-48.093],[-75.238,-48.093],[-75.274,-48.108],[-75.305,-48.167],[-75.284,-48.133],[-75.269,-48.135],[-75.28,-48.151],[-75.208,-48.128],[-75.228,-48.167],[-75.201,-48.157],[-75.201,-48.182],[-75.243,-48.22],[-75.229,-48.222],[-75.242,-48.239],[-75.203,-48.204],[-75.19,-48.23],[-75.214,-48.246],[-75.186,-48.234],[-75.158,-48.275],[-75.201,-48.303],[-75.149,-48.288],[-75.131,-48.32],[-75.146,-48.335],[-75.128,-48.325],[-75.09,-48.374],[-75.155,-48.432],[-75.075,-48.383],[-75.02,-48.471],[-75.055,-48.465],[-75.061,-48.448],[-75.09,-48.472],[-75.068,-48.469],[-75.099,-48.517],[-75.048,-48.471],[-75.022,-48.481],[-75.017,-48.505],[-75.034,-48.512],[-75.007,-48.53],[-75.007,-48.593],[-75.187,-48.684],[-75.212,-48.634],[-75.105,-48.594],[-75.217,-48.623],[-75.224,-48.597],[-75.162,-48.565],[-75.228,-48.582],[-75.216,-48.557],[-75.238,-48.524],[-75.186,-48.494],[-75.229,-48.513],[-75.257,-48.467],[-75.205,-48.402],[-75.167,-48.396],[-75.195,-48.384],[-75.225,-48.413],[-75.255,-48.407],[-75.24,-48.377],[-75.277,-48.388],[-75.221,-48.31],[-75.241,-48.337],[-75.262,-48.328],[-75.253,-48.339],[-75.288,-48.382],[-75.34,-48.391],[-75.36,-48.378],[-75.421,-48.415],[-75.448,-48.414],[-75.428,-48.391],[-75.471,-48.41],[-75.5,-48.376],[-75.5,-48.359],[-75.448,-48.338],[-75.315,-48.326],[-75.349,-48.326],[-75.315,-48.304],[-75.299,-48.261],[-75.361,-48.319],[-75.317,-48.211],[-75.382,-48.313],[-75.368,-48.317],[-75.408,-48.336],[-75.385,-48.309],[-75.435,-48.326],[-75.393,-48.304],[-75.429,-48.312],[-75.406,-48.237],[-75.359,-48.213],[-75.393,-48.215],[-75.351,-48.204],[-75.343,-48.178],[-75.452,-48.241],[-75.489,-48.215],[-75.451,-48.181],[-75.494,-48.184],[-75.532,-48.089],[-75.46,-48.043],[-75.466,-48.076],[-75.439,-48.04],[-75.424,-48.065],[-75.415,-48.033],[-75.41,-48.057],[-75.391,-48.051],[-75.402,-48.078],[-75.377,-48.043],[-75.415,-48.119],[-75.345,-48.002],[-75.314,-47.997]]],[[[-74.744,-47.902],[-74.748,-47.927],[-74.733,-47.908],[-74.677,-47.973],[-74.7,-48.007],[-74.69,-48.034],[-74.7,-48.053],[-74.741,-48.007],[-74.701,-48.026],[-74.693,-48.015],[-74.741,-48.001],[-74.764,-47.934],[-74.744,-47.902]]],[[[-74.983,-47.868],[-74.941,-47.906],[-74.951,-47.947],[-74.984,-47.923],[-74.972,-47.941],[-74.909,-47.973],[-74.93,-47.984],[-74.773,-48.007],[-74.753,-48.04],[-74.83,-48.084],[-75.032,-48.031],[-74.955,-48.049],[-74.899,-48.094],[-74.834,-48.102],[-74.857,-48.126],[-74.829,-48.101],[-74.794,-48.1],[-74.784,-48.129],[-74.824,-48.157],[-74.995,-48.062],[-75.095,-48.066],[-75.042,-48.024],[-75.064,-48.016],[-75.056,-47.998],[-74.976,-48.013],[-75.041,-47.992],[-75.018,-47.976],[-74.977,-47.985],[-74.996,-47.993],[-74.983,-48.006],[-74.957,-47.996],[-74.926,-48.012],[-74.969,-47.982],[-75.077,-47.979],[-75.056,-47.997],[-75.219,-48.029],[-75.181,-47.993],[-75.079,-47.979],[-75.105,-47.974],[-75.11,-47.953],[-75.09,-47.947],[-75.136,-47.968],[-75.107,-47.961],[-75.115,-47.974],[-75.205,-47.981],[-75.192,-47.961],[-75.148,-47.961],[-75.182,-47.963],[-75.165,-47.947],[-75.11,-47.925],[-75.13,-47.941],[-75.056,-47.934],[-75.07,-47.923],[-75.014,-47.909],[-75.017,-47.897],[-74.984,-47.923],[-75.002,-47.905],[-74.983,-47.868]]],[[[-73.702,-47.866],[-73.643,-47.88],[-73.618,-47.922],[-73.668,-47.925],[-73.638,-47.932],[-73.622,-47.967],[-73.666,-47.995],[-73.683,-47.993],[-73.658,-47.983],[-73.693,-47.965],[-73.737,-47.943],[-73.682,-47.948],[-73.668,-47.927],[-73.686,-47.94],[-73.748,-47.927],[-73.728,-47.869],[-73.702,-47.866]]],[[[-74.844,-47.789],[-74.82,-47.809],[-74.803,-47.81],[-74.818,-47.793],[-74.762,-47.81],[-74.762,-47.896],[-74.774,-47.907],[-74.826,-47.883],[-74.78,-47.913],[-74.845,-47.943],[-74.785,-47.93],[-74.767,-47.994],[-74.841,-47.989],[-74.949,-47.946],[-74.926,-47.917],[-74.854,-47.932],[-74.925,-47.909],[-74.93,-47.888],[-74.892,-47.9],[-74.932,-47.877],[-74.893,-47.867],[-74.917,-47.855],[-74.901,-47.84],[-74.867,-47.846],[-74.879,-47.866],[-74.863,-47.845],[-74.834,-47.854],[-74.866,-47.83],[-74.819,-47.85],[-74.867,-47.824],[-74.861,-47.799],[-74.838,-47.811],[-74.844,-47.789]]],[[[-74.537,-47.8],[-74.513,-47.823],[-74.525,-47.877],[-74.586,-47.866],[-74.61,-47.847],[-74.601,-47.833],[-74.614,-47.837],[-74.619,-47.8],[-74.537,-47.8]]],[[[-74.682,-47.856],[-74.678,-47.886],[-74.696,-47.866],[-74.7,-47.818],[-74.645,-47.791],[-74.601,-47.87],[-74.624,-47.883],[-74.682,-47.856]]],[[[-74.036,-47.873],[-74.02,-47.864],[-74.05,-47.864],[-73.969,-47.83],[-74.028,-47.817],[-74.013,-47.808],[-73.856,-47.87],[-73.805,-47.84],[-73.747,-47.859],[-73.775,-47.929],[-73.893,-47.937],[-73.852,-47.898],[-73.863,-47.891],[-73.95,-47.924],[-73.96,-47.943],[-74.091,-47.926],[-74.126,-47.948],[-74.259,-47.964],[-74.298,-47.951],[-74.339,-47.901],[-74.319,-47.922],[-74.397,-47.916],[-74.469,-47.888],[-74.425,-47.861],[-74.348,-47.89],[-74.419,-47.854],[-74.331,-47.809],[-74.162,-47.889],[-74.313,-47.803],[-74.238,-47.778],[-73.989,-47.833],[-74.142,-47.882],[-74.067,-47.863],[-74.049,-47.928],[-74.019,-47.896],[-74.036,-47.873]]],[[[-74.385,-47.762],[-74.338,-47.789],[-74.478,-47.884],[-74.468,-47.808],[-74.385,-47.762]]],[[[-75.032,-47.668],[-74.973,-47.679],[-74.931,-47.743],[-74.915,-47.736],[-74.967,-47.693],[-74.955,-47.684],[-74.916,-47.692],[-74.894,-47.748],[-74.882,-47.729],[-74.88,-47.749],[-74.868,-47.732],[-74.847,-47.752],[-74.867,-47.766],[-74.888,-47.769],[-74.894,-47.75],[-74.899,-47.77],[-74.958,-47.771],[-75.036,-47.73],[-75.057,-47.677],[-75.032,-47.668]]],[[[-75.086,-47.666],[-75.07,-47.673],[-75.089,-47.693],[-75.068,-47.695],[-75.039,-47.75],[-75.136,-47.78],[-75.037,-47.759],[-75.019,-47.783],[-74.989,-47.778],[-75.13,-47.843],[-75.166,-47.839],[-75.142,-47.82],[-75.154,-47.785],[-75.206,-47.781],[-75.192,-47.813],[-75.165,-47.823],[-75.175,-47.834],[-75.21,-47.819],[-75.217,-47.779],[-75.286,-47.758],[-75.35,-47.783],[-75.325,-47.763],[-75.349,-47.731],[-75.26,-47.713],[-75.247,-47.72],[-75.269,-47.757],[-75.225,-47.723],[-75.176,-47.744],[-75.128,-47.72],[-75.135,-47.706],[-75.126,-47.716],[-75.095,-47.697],[-75.128,-47.683],[-75.086,-47.666]]],[[[-74.292,-47.029],[-74.247,-47.044],[-74.266,-47.08],[-74.433,-47.161],[-74.424,-47.123],[-74.45,-47.101],[-74.449,-47.074],[-74.369,-47.038],[-74.292,-47.029]]],[[[-74.678,-46.816],[-74.633,-46.844],[-74.521,-46.824],[-74.463,-46.85],[-74.382,-46.852],[-74.403,-46.874],[-74.391,-46.894],[-74.408,-46.885],[-74.521,-46.889],[-74.59,-46.855],[-74.634,-46.876],[-74.642,-46.841],[-74.703,-46.818],[-74.678,-46.816]]],[[[-73.867,-45.996],[-73.761,-46.036],[-73.761,-46.084],[-73.765,-46.057],[-73.744,-46.032],[-73.646,-46.075],[-73.68,-46.156],[-73.72,-46.145],[-73.704,-46.156],[-73.696,-46.176],[-73.726,-46.208],[-73.793,-46.186],[-73.818,-46.157],[-73.748,-46.14],[-73.829,-46.141],[-73.864,-46.096],[-73.922,-46.091],[-73.904,-46.003],[-73.867,-45.996]]],[[[-73.529,-45.862],[-73.471,-45.884],[-73.322,-45.898],[-73.357,-45.921],[-73.426,-46.06],[-73.523,-46.143],[-73.538,-46.184],[-73.605,-46.222],[-73.568,-46.23],[-73.577,-46.257],[-73.675,-46.329],[-73.649,-46.219],[-73.612,-46.22],[-73.639,-46.187],[-73.603,-46.058],[-73.623,-46.026],[-73.617,-45.989],[-73.636,-45.975],[-73.599,-45.947],[-73.561,-45.946],[-73.594,-45.924],[-73.529,-45.862]]],[[[-73.699,-45.799],[-73.7,-45.821],[-73.671,-45.839],[-73.679,-45.87],[-73.649,-45.888],[-73.685,-45.907],[-73.659,-45.916],[-73.661,-46.03],[-73.8,-46.003],[-73.737,-45.893],[-73.709,-45.91],[-73.764,-45.956],[-73.679,-45.892],[-73.794,-45.882],[-73.782,-45.903],[-73.751,-45.894],[-73.785,-45.904],[-73.779,-45.919],[-73.807,-45.938],[-73.835,-45.924],[-73.796,-45.945],[-73.823,-45.986],[-73.887,-45.995],[-73.922,-45.95],[-73.865,-45.856],[-73.775,-45.86],[-73.765,-45.829],[-73.781,-45.831],[-73.776,-45.853],[-73.812,-45.839],[-73.699,-45.799]]],[[[-74.487,-45.741],[-74.468,-45.813],[-74.536,-45.815],[-74.578,-45.793],[-74.55,-45.778],[-74.558,-45.764],[-74.487,-45.741]]],[[[-73.832,-45.765],[-73.844,-45.781],[-73.817,-45.767],[-73.763,-45.807],[-73.812,-45.819],[-73.825,-45.849],[-73.884,-45.852],[-73.868,-45.826],[-73.824,-45.821],[-73.831,-45.805],[-73.884,-45.821],[-73.875,-45.792],[-73.832,-45.765]]],[[[-74.025,-45.738],[-73.872,-45.748],[-73.957,-45.79],[-73.926,-45.797],[-73.942,-45.838],[-73.932,-45.87],[-73.96,-45.922],[-73.996,-45.934],[-74.017,-45.856],[-73.992,-45.839],[-74.033,-45.857],[-74.03,-45.812],[-74.038,-45.836],[-74.095,-45.795],[-74.034,-45.769],[-74.039,-45.742],[-74.025,-45.738]]],[[[-74.201,-45.727],[-74.192,-45.745],[-74.221,-45.732],[-74.228,-45.75],[-74.288,-45.755],[-74.222,-45.749],[-74.214,-45.776],[-74.21,-45.751],[-74.157,-45.745],[-74.127,-45.753],[-74.116,-45.778],[-74.114,-45.802],[-74.188,-45.788],[-74.179,-45.806],[-74.264,-45.822],[-74.31,-45.793],[-74.323,-45.751],[-74.28,-45.737],[-74.273,-45.708],[-74.201,-45.727]]],[[[-73.738,-45.709],[-73.695,-45.741],[-73.714,-45.749],[-73.706,-45.765],[-73.734,-45.763],[-73.795,-45.704],[-73.798,-45.672],[-73.782,-45.689],[-73.753,-45.684],[-73.738,-45.709]]],[[[-74.842,-45.597],[-74.765,-45.626],[-74.833,-45.618],[-74.76,-45.646],[-74.724,-45.718],[-74.773,-45.695],[-74.865,-45.648],[-74.842,-45.597]]],[[[-74.521,-45.577],[-74.508,-45.609],[-74.55,-45.66],[-74.531,-45.675],[-74.543,-45.712],[-74.588,-45.762],[-74.626,-45.765],[-74.599,-45.73],[-74.629,-45.764],[-74.679,-45.729],[-74.654,-45.65],[-74.588,-45.594],[-74.521,-45.577]]],[[[-73.995,-45.535],[-73.96,-45.549],[-73.974,-45.557],[-73.944,-45.549],[-73.888,-45.573],[-73.862,-45.602],[-73.883,-45.642],[-73.863,-45.647],[-73.876,-45.678],[-73.88,-45.711],[-73.907,-45.707],[-73.956,-45.736],[-74.036,-45.724],[-74.083,-45.603],[-74.098,-45.599],[-73.995,-45.535]]],[[[-74.39,-45.447],[-74.362,-45.452],[-74.38,-45.465],[-74.319,-45.459],[-74.261,-45.491],[-74.352,-45.522],[-74.256,-45.497],[-74.209,-45.559],[-74.265,-45.567],[-74.28,-45.556],[-74.256,-45.557],[-74.291,-45.548],[-74.357,-45.568],[-74.287,-45.555],[-74.271,-45.577],[-74.317,-45.584],[-74.206,-45.573],[-74.178,-45.618],[-74.187,-45.67],[-74.213,-45.67],[-74.193,-45.689],[-74.3,-45.695],[-74.316,-45.682],[-74.314,-45.698],[-74.345,-45.674],[-74.32,-45.703],[-74.424,-45.696],[-74.289,-45.714],[-74.307,-45.738],[-74.383,-45.739],[-74.339,-45.75],[-74.366,-45.775],[-74.448,-45.784],[-74.488,-45.729],[-74.441,-45.733],[-74.463,-45.708],[-74.425,-45.691],[-74.455,-45.655],[-74.437,-45.648],[-74.472,-45.636],[-74.485,-45.61],[-74.429,-45.614],[-74.415,-45.589],[-74.451,-45.595],[-74.457,-45.547],[-74.39,-45.447]]],[[[-74.432,-45.437],[-74.407,-45.441],[-74.472,-45.527],[-74.459,-45.594],[-74.484,-45.602],[-74.542,-45.536],[-74.524,-45.518],[-74.545,-45.514],[-74.52,-45.509],[-74.525,-45.484],[-74.5,-45.448],[-74.432,-45.437]]],[[[-74.031,-45.425],[-73.923,-45.455],[-73.962,-45.468],[-73.862,-45.465],[-73.862,-45.487],[-73.829,-45.451],[-73.775,-45.463],[-73.838,-45.574],[-73.906,-45.552],[-73.87,-45.514],[-73.924,-45.543],[-73.983,-45.526],[-73.924,-45.511],[-73.955,-45.511],[-74.047,-45.519],[-74.032,-45.528],[-74.051,-45.535],[-74.03,-45.536],[-74.105,-45.557],[-74.072,-45.569],[-74.102,-45.594],[-74.123,-45.563],[-74.103,-45.552],[-74.12,-45.545],[-74.101,-45.519],[-74.063,-45.523],[-74.098,-45.518],[-74.078,-45.511],[-74.1,-45.497],[-74.065,-45.457],[-73.959,-45.459],[-74.062,-45.448],[-74.031,-45.425]]],[[[-73.671,-45.435],[-73.571,-45.451],[-73.543,-45.484],[-73.553,-45.518],[-73.581,-45.514],[-73.564,-45.535],[-73.567,-45.589],[-73.593,-45.601],[-73.568,-45.606],[-73.558,-45.645],[-73.673,-45.607],[-73.579,-45.685],[-73.588,-45.735],[-73.624,-45.769],[-73.639,-45.752],[-73.741,-45.672],[-73.793,-45.669],[-73.784,-45.621],[-73.805,-45.659],[-73.815,-45.645],[-73.794,-45.603],[-73.77,-45.605],[-73.78,-45.581],[-73.753,-45.518],[-73.671,-45.435]]],[[[-73.793,-45.369],[-73.788,-45.415],[-73.878,-45.452],[-73.994,-45.425],[-74.038,-45.415],[-73.978,-45.384],[-73.829,-45.385],[-73.793,-45.369]]],[[[-74.396,-45.283],[-74.327,-45.311],[-74.262,-45.41],[-74.342,-45.426],[-74.394,-45.397],[-74.47,-45.376],[-74.52,-45.329],[-74.505,-45.303],[-74.396,-45.283]]],[[[-73.5,-45.318],[-73.457,-45.34],[-73.495,-45.365],[-73.533,-45.353],[-73.573,-45.362],[-73.588,-45.332],[-73.5,-45.318]]],[[[-73.542,-45.241],[-73.485,-45.266],[-73.487,-45.286],[-73.528,-45.308],[-73.542,-45.298],[-73.536,-45.316],[-73.567,-45.312],[-73.59,-45.302],[-73.568,-45.305],[-73.573,-45.273],[-73.542,-45.241]]],[[[-73.765,-45.358],[-73.839,-45.372],[-73.86,-45.365],[-73.821,-45.354],[-73.871,-45.352],[-73.872,-45.369],[-73.906,-45.374],[-73.925,-45.367],[-73.888,-45.349],[-73.982,-45.374],[-74.0,-45.355],[-74.079,-45.341],[-74.1,-45.31],[-74.078,-45.352],[-74.087,-45.368],[-74.109,-45.325],[-74.133,-45.328],[-74.106,-45.312],[-74.158,-45.261],[-74.15,-45.233],[-74.119,-45.226],[-74.148,-45.226],[-74.021,-45.204],[-73.982,-45.264],[-73.804,-45.25],[-73.751,-45.332],[-73.765,-45.358]]],[[[-74.496,-45.155],[-74.478,-45.184],[-74.506,-45.228],[-74.547,-45.23],[-74.572,-45.209],[-74.496,-45.155]]],[[[-74.386,-45.167],[-74.333,-45.164],[-74.307,-45.19],[-74.252,-45.2],[-74.244,-45.222],[-74.188,-45.229],[-74.191,-45.275],[-74.235,-45.276],[-74.189,-45.281],[-74.198,-45.346],[-74.222,-45.361],[-74.261,-45.312],[-74.238,-45.269],[-74.261,-45.242],[-74.248,-45.22],[-74.267,-45.22],[-74.275,-45.244],[-74.294,-45.235],[-74.272,-45.288],[-74.318,-45.253],[-74.277,-45.313],[-74.288,-45.329],[-74.398,-45.247],[-74.4,-45.194],[-74.385,-45.19],[-74.399,-45.166],[-74.386,-45.167]]],[[[-74.372,-45.041],[-74.273,-45.079],[-74.301,-45.1],[-74.297,-45.08],[-74.333,-45.084],[-74.317,-45.128],[-74.344,-45.08],[-74.355,-45.094],[-74.379,-45.074],[-74.322,-45.142],[-74.311,-45.135],[-74.298,-45.101],[-74.262,-45.093],[-74.246,-45.166],[-74.297,-45.168],[-74.304,-45.143],[-74.36,-45.147],[-74.413,-45.121],[-74.422,-45.096],[-74.402,-45.075],[-74.417,-45.056],[-74.381,-45.071],[-74.372,-45.041]]],[[[-73.385,-45.068],[-73.393,-45.088],[-73.368,-45.087],[-73.332,-45.156],[-73.418,-45.142],[-73.425,-45.094],[-73.435,-45.118],[-73.439,-45.095],[-73.385,-45.068]]],[[[-73.807,-44.985],[-73.798,-45.024],[-73.782,-45.026],[-73.789,-45.014],[-73.748,-45.042],[-73.781,-45.04],[-73.741,-45.045],[-73.717,-45.076],[-73.732,-45.052],[-73.71,-45.055],[-73.685,-45.113],[-73.675,-45.153],[-73.694,-45.172],[-73.672,-45.163],[-73.67,-45.177],[-73.723,-45.193],[-73.678,-45.194],[-73.721,-45.235],[-73.68,-45.276],[-73.751,-45.283],[-73.741,-45.299],[-73.758,-45.302],[-73.759,-45.279],[-73.809,-45.237],[-73.976,-45.256],[-74.007,-45.21],[-73.98,-45.195],[-73.865,-45.21],[-73.831,-45.2],[-73.959,-45.189],[-74.012,-45.202],[-74.056,-45.184],[-74.071,-45.177],[-74.04,-45.134],[-74.068,-45.138],[-74.088,-45.169],[-74.127,-45.165],[-74.144,-45.152],[-74.147,-45.126],[-74.129,-45.116],[-74.144,-45.109],[-74.15,-45.051],[-74.148,-45.161],[-74.203,-45.176],[-74.232,-45.118],[-74.229,-45.095],[-74.205,-45.094],[-74.234,-45.077],[-74.179,-45.051],[-74.171,-45.03],[-74.035,-45.045],[-74.023,-45.027],[-73.953,-45.029],[-73.905,-44.995],[-73.839,-45.005],[-73.85,-44.99],[-73.812,-45.002],[-73.822,-44.984],[-73.807,-44.985]]],[[[-74.297,-44.884],[-74.264,-44.871],[-74.257,-44.897],[-74.312,-44.921],[-74.32,-44.943],[-74.401,-44.964],[-74.418,-44.942],[-74.456,-44.924],[-74.451,-44.892],[-74.329,-44.918],[-74.307,-44.893],[-74.297,-44.913],[-74.297,-44.884]]],[[[-74.139,-44.863],[-74.091,-44.867],[-74.086,-44.882],[-74.087,-44.867],[-74.06,-44.893],[-73.953,-44.894],[-73.893,-44.965],[-74.015,-44.992],[-74.045,-44.951],[-74.037,-44.972],[-74.084,-44.955],[-74.021,-44.998],[-74.082,-45.004],[-74.187,-44.998],[-74.209,-45.024],[-74.266,-45.037],[-74.365,-45.023],[-74.366,-45.005],[-74.386,-45.003],[-74.384,-44.988],[-74.36,-44.992],[-74.253,-44.931],[-74.204,-44.877],[-74.139,-44.863]]],[[[-75.139,-44.765],[-75.098,-44.776],[-75.066,-44.828],[-75.024,-44.847],[-75.042,-44.869],[-75.03,-44.901],[-75.057,-44.9],[-75.102,-44.927],[-75.163,-44.92],[-75.148,-44.873],[-75.202,-44.812],[-75.139,-44.765]]],[[[-73.993,-44.771],[-73.923,-44.8],[-73.93,-44.833],[-73.971,-44.837],[-73.965,-44.852],[-74.038,-44.86],[-74.085,-44.832],[-74.189,-44.82],[-73.993,-44.771]]],[[[-73.862,-44.774],[-73.827,-44.774],[-73.794,-44.803],[-73.765,-44.886],[-73.725,-44.909],[-73.734,-44.923],[-73.768,-44.904],[-73.742,-44.933],[-73.762,-44.955],[-73.825,-44.96],[-73.918,-44.865],[-73.875,-44.865],[-73.843,-44.899],[-73.795,-44.895],[-73.83,-44.891],[-73.866,-44.849],[-73.832,-44.84],[-73.911,-44.82],[-73.907,-44.787],[-73.862,-44.774]]],[[[-74.455,-44.712],[-74.428,-44.712],[-74.399,-44.773],[-74.3,-44.828],[-74.383,-44.861],[-74.419,-44.835],[-74.45,-44.842],[-74.535,-44.74],[-74.455,-44.712]]],[[[-73.612,-44.735],[-73.58,-44.748],[-73.581,-44.784],[-73.61,-44.79],[-73.587,-44.814],[-73.599,-44.833],[-73.633,-44.85],[-73.679,-44.832],[-73.731,-44.805],[-73.734,-44.752],[-73.673,-44.757],[-73.612,-44.735]]],[[[-74.434,-44.691],[-74.558,-44.695],[-74.6,-44.679],[-74.611,-44.693],[-74.676,-44.677],[-74.666,-44.65],[-74.634,-44.66],[-74.643,-44.627],[-74.622,-44.62],[-74.61,-44.607],[-74.458,-44.631],[-74.444,-44.655],[-74.464,-44.659],[-74.434,-44.691]]],[[[-74.105,-44.593],[-74.011,-44.601],[-74.026,-44.603],[-74.007,-44.626],[-73.992,-44.6],[-73.928,-44.611],[-73.872,-44.646],[-73.866,-44.659],[-73.893,-44.657],[-73.84,-44.699],[-73.972,-44.709],[-73.98,-44.68],[-73.952,-44.658],[-73.982,-44.663],[-73.984,-44.722],[-74.067,-44.762],[-74.191,-44.778],[-74.244,-44.807],[-74.338,-44.776],[-74.364,-44.746],[-74.367,-44.721],[-74.349,-44.712],[-74.263,-44.72],[-74.147,-44.742],[-74.108,-44.728],[-74.179,-44.733],[-74.276,-44.695],[-74.383,-44.705],[-74.412,-44.657],[-74.39,-44.643],[-74.405,-44.643],[-74.398,-44.616],[-74.284,-44.63],[-74.294,-44.599],[-74.105,-44.593]]],[[[-74.782,-44.54],[-74.732,-44.552],[-74.712,-44.587],[-74.727,-44.606],[-74.714,-44.622],[-74.735,-44.632],[-74.714,-44.648],[-74.781,-44.675],[-74.828,-44.574],[-74.808,-44.568],[-74.806,-44.542],[-74.782,-44.54]]],[[[-73.682,-44.531],[-73.61,-44.559],[-73.631,-44.582],[-73.685,-44.554],[-73.633,-44.597],[-73.606,-44.592],[-73.603,-44.607],[-73.586,-44.588],[-73.589,-44.623],[-73.621,-44.639],[-73.606,-44.652],[-73.642,-44.667],[-73.652,-44.695],[-73.717,-44.73],[-73.634,-44.697],[-73.619,-44.672],[-73.574,-44.692],[-73.563,-44.707],[-73.588,-44.73],[-73.586,-44.715],[-73.743,-44.752],[-73.771,-44.692],[-73.79,-44.697],[-73.837,-44.652],[-73.82,-44.631],[-73.854,-44.627],[-73.88,-44.593],[-73.826,-44.592],[-73.789,-44.66],[-73.802,-44.562],[-73.729,-44.551],[-73.738,-44.529],[-73.717,-44.537],[-73.727,-44.546],[-73.682,-44.531]]],[[[-74.188,-44.466],[-74.101,-44.555],[-74.245,-44.571],[-74.312,-44.576],[-74.36,-44.541],[-74.366,-44.507],[-74.283,-44.49],[-74.219,-44.5],[-74.183,-44.483],[-74.188,-44.466]]],[[[-74.165,-44.416],[-74.077,-44.45],[-73.975,-44.465],[-73.992,-44.443],[-73.971,-44.447],[-73.932,-44.48],[-73.922,-44.539],[-74.033,-44.56],[-74.091,-44.545],[-74.123,-44.512],[-74.121,-44.491],[-73.974,-44.505],[-73.989,-44.515],[-74.114,-44.508],[-73.958,-44.516],[-73.972,-44.503],[-73.947,-44.499],[-73.974,-44.48],[-74.129,-44.471],[-74.143,-44.452],[-74.077,-44.47],[-74.16,-44.442],[-74.183,-44.42],[-74.165,-44.416]]],[[[-74.301,-44.389],[-74.246,-44.404],[-74.207,-44.478],[-74.33,-44.506],[-74.448,-44.483],[-74.38,-44.505],[-74.384,-44.55],[-74.517,-44.516],[-74.557,-44.482],[-74.517,-44.425],[-74.399,-44.431],[-74.412,-44.471],[-74.356,-44.427],[-74.357,-44.409],[-74.301,-44.389]]],[[[-73.823,-44.373],[-73.805,-44.4],[-73.868,-44.416],[-73.878,-44.439],[-73.82,-44.411],[-73.823,-44.441],[-73.795,-44.4],[-73.76,-44.417],[-73.757,-44.438],[-73.753,-44.452],[-73.811,-44.463],[-73.901,-44.454],[-73.884,-44.443],[-73.89,-44.404],[-73.823,-44.373]]],[[[-74.326,-44.321],[-74.307,-44.342],[-74.254,-44.35],[-74.244,-44.373],[-74.422,-44.394],[-74.411,-44.36],[-74.371,-44.388],[-74.355,-44.379],[-74.379,-44.348],[-74.326,-44.321]]],[[[-73.653,-44.34],[-73.629,-44.347],[-73.628,-44.379],[-73.716,-44.388],[-73.641,-44.416],[-73.665,-44.442],[-73.718,-44.43],[-73.793,-44.374],[-73.77,-44.366],[-73.758,-44.382],[-73.686,-44.355],[-73.648,-44.379],[-73.637,-44.362],[-73.675,-44.345],[-73.653,-44.34]]],[[[-72.973,-44.364],[-72.941,-44.424],[-72.928,-44.429],[-72.94,-44.398],[-72.899,-44.446],[-72.963,-44.516],[-72.983,-44.576],[-72.868,-44.427],[-72.779,-44.463],[-72.778,-44.448],[-72.685,-44.529],[-72.804,-44.647],[-72.902,-44.63],[-72.898,-44.614],[-72.94,-44.613],[-72.967,-44.582],[-72.961,-44.628],[-72.876,-44.664],[-72.793,-44.669],[-72.82,-44.734],[-72.954,-44.789],[-73.042,-44.88],[-73.215,-44.937],[-73.263,-44.93],[-73.287,-44.895],[-73.289,-44.919],[-73.309,-44.884],[-73.377,-44.848],[-73.391,-44.815],[-73.326,-44.821],[-73.277,-44.791],[-73.251,-44.81],[-73.16,-44.812],[-73.262,-44.78],[-73.262,-44.744],[-73.332,-44.8],[-73.386,-44.78],[-73.39,-44.76],[-73.347,-44.735],[-73.388,-44.751],[-73.429,-44.733],[-73.428,-44.642],[-73.445,-44.659],[-73.452,-44.639],[-73.403,-44.574],[-73.388,-44.567],[-73.395,-44.598],[-73.38,-44.58],[-73.35,-44.586],[-73.376,-44.598],[-73.348,-44.604],[-73.353,-44.635],[-73.341,-44.609],[-73.308,-44.602],[-73.21,-44.635],[-73.262,-44.594],[-73.278,-44.542],[-73.182,-44.552],[-73.14,-44.584],[-73.114,-44.567],[-73.13,-44.559],[-73.119,-44.547],[-73.215,-44.526],[-73.247,-44.501],[-73.247,-44.436],[-73.164,-44.399],[-73.131,-44.454],[-73.118,-44.417],[-73.119,-44.446],[-73.098,-44.459],[-73.117,-44.417],[-73.094,-44.43],[-73.091,-44.413],[-73.072,-44.415],[-73.035,-44.482],[-73.004,-44.496],[-73.037,-44.417],[-73.079,-44.416],[-73.098,-44.392],[-73.091,-44.374],[-73.038,-44.386],[-72.973,-44.364]]],[[[-74.149,-44.303],[-74.116,-44.318],[-74.073,-44.417],[-74.188,-44.381],[-74.19,-44.364],[-74.155,-44.328],[-74.162,-44.316],[-74.141,-44.316],[-74.149,-44.303]]],[[[-74.079,-44.298],[-74.008,-44.356],[-74.012,-44.341],[-73.96,-44.338],[-73.946,-44.345],[-73.961,-44.36],[-73.929,-44.342],[-73.888,-44.354],[-73.916,-44.371],[-73.903,-44.442],[-73.924,-44.454],[-73.967,-44.42],[-74.048,-44.396],[-74.079,-44.298]]],[[[-73.276,-44.327],[-73.227,-44.311],[-73.218,-44.332],[-73.189,-44.323],[-73.158,-44.363],[-73.152,-44.384],[-73.253,-44.399],[-73.293,-44.37],[-73.276,-44.327]]],[[[-73.051,-44.31],[-72.998,-44.314],[-72.98,-44.354],[-73.103,-44.359],[-73.111,-44.383],[-73.132,-44.34],[-73.076,-44.343],[-73.082,-44.321],[-73.051,-44.31]]],[[[-73.805,-44.262],[-73.781,-44.268],[-73.763,-44.324],[-73.802,-44.358],[-73.874,-44.343],[-73.872,-44.317],[-73.885,-44.342],[-73.944,-44.325],[-73.974,-44.27],[-73.938,-44.257],[-73.893,-44.305],[-73.846,-44.295],[-73.839,-44.318],[-73.838,-44.284],[-73.805,-44.262]]],[[[-74.317,-44.225],[-74.246,-44.262],[-74.232,-44.304],[-74.273,-44.312],[-74.383,-44.287],[-74.384,-44.267],[-74.417,-44.254],[-74.317,-44.225]]],[[[-74.137,-44.228],[-74.1,-44.258],[-74.114,-44.307],[-74.161,-44.294],[-74.198,-44.243],[-74.163,-44.266],[-74.137,-44.228]]],[[[-73.67,-44.237],[-73.632,-44.262],[-73.683,-44.305],[-73.715,-44.308],[-73.744,-44.276],[-73.744,-44.252],[-73.67,-44.237]]],[[[-74.017,-44.137],[-73.973,-44.195],[-73.932,-44.197],[-73.925,-44.219],[-73.928,-44.198],[-73.887,-44.197],[-73.854,-44.223],[-73.857,-44.238],[-73.936,-44.24],[-73.986,-44.261],[-73.946,-44.322],[-73.994,-44.339],[-74.07,-44.279],[-74.073,-44.255],[-74.057,-44.249],[-74.104,-44.205],[-74.063,-44.168],[-73.981,-44.228],[-74.014,-44.192],[-74.044,-44.189],[-74.045,-44.155],[-74.066,-44.166],[-74.017,-44.137]]],[[[-73.924,-44.096],[-73.871,-44.112],[-73.871,-44.133],[-73.863,-44.117],[-73.84,-44.121],[-73.844,-44.145],[-73.896,-44.174],[-73.851,-44.159],[-73.85,-44.188],[-73.839,-44.166],[-73.813,-44.182],[-73.841,-44.16],[-73.823,-44.159],[-73.802,-44.186],[-73.833,-44.203],[-73.899,-44.183],[-73.957,-44.19],[-73.995,-44.144],[-73.924,-44.096]]],[[[-73.912,-43.935],[-73.876,-43.933],[-73.791,-43.974],[-73.801,-43.995],[-73.866,-43.989],[-73.927,-43.957],[-73.912,-43.935]]],[[[-73.693,-43.934],[-73.598,-44.003],[-73.649,-44.034],[-73.576,-44.066],[-73.605,-44.085],[-73.576,-44.096],[-73.615,-44.131],[-73.658,-44.135],[-73.655,-44.107],[-73.635,-44.091],[-73.648,-44.091],[-73.644,-44.07],[-73.664,-44.087],[-73.657,-44.052],[-73.711,-44.035],[-73.737,-43.988],[-73.693,-43.934]]],[[[-73.142,-43.88],[-73.115,-43.902],[-73.144,-44.03],[-73.174,-44.016],[-73.21,-44.035],[-73.183,-44.018],[-73.217,-44.022],[-73.251,-43.996],[-73.261,-43.956],[-73.241,-43.915],[-73.142,-43.88]]],[[[-73.777,-43.82],[-73.733,-43.877],[-73.738,-43.9],[-73.848,-43.903],[-73.881,-43.887],[-73.889,-43.86],[-73.83,-43.865],[-73.796,-43.843],[-73.783,-43.858],[-73.768,-43.847],[-73.777,-43.82]]],[[[-73.845,-43.772],[-73.805,-43.795],[-73.785,-43.836],[-73.809,-43.851],[-73.942,-43.852],[-73.951,-43.871],[-73.863,-43.915],[-73.908,-43.923],[-73.916,-43.907],[-73.91,-43.929],[-73.939,-43.954],[-74.002,-43.918],[-74.005,-43.888],[-74.021,-43.909],[-74.057,-43.907],[-74.146,-43.88],[-74.158,-43.862],[-74.137,-43.853],[-74.129,-43.823],[-74.071,-43.805],[-73.97,-43.846],[-73.899,-43.841],[-73.879,-43.817],[-73.91,-43.801],[-73.838,-43.804],[-73.86,-43.786],[-73.828,-43.801],[-73.867,-43.774],[-73.845,-43.772]]],[[[-74.458,-47.743],[-74.404,-47.698],[-74.433,-47.689],[-74.498,-47.725],[-74.499,-47.742],[-74.434,-47.694],[-74.408,-47.698],[-74.524,-47.766],[-74.637,-47.739],[-74.622,-47.728],[-74.58,-47.747],[-74.62,-47.725],[-74.558,-47.684],[-74.645,-47.731],[-74.688,-47.703],[-74.63,-47.661],[-74.64,-47.64],[-74.62,-47.617],[-74.556,-47.622],[-74.615,-47.648],[-74.526,-47.627],[-74.538,-47.621],[-74.525,-47.608],[-74.554,-47.617],[-74.606,-47.586],[-74.522,-47.522],[-74.463,-47.521],[-74.475,-47.591],[-74.454,-47.606],[-74.443,-47.525],[-74.389,-47.528],[-74.365,-47.545],[-74.348,-47.604],[-74.404,-47.659],[-74.47,-47.677],[-74.521,-47.661],[-74.503,-47.624],[-74.567,-47.637],[-74.518,-47.643],[-74.544,-47.677],[-74.516,-47.664],[-74.478,-47.686],[-74.416,-47.676],[-74.298,-47.655],[-74.285,-47.632],[-74.265,-47.708],[-74.152,-47.754],[-74.142,-47.731],[-74.064,-47.724],[-74.164,-47.736],[-74.214,-47.723],[-74.211,-47.707],[-74.257,-47.697],[-74.25,-47.639],[-74.097,-47.656],[-74.023,-47.633],[-74.115,-47.622],[-74.192,-47.637],[-74.253,-47.628],[-74.202,-47.622],[-74.248,-47.615],[-74.111,-47.593],[-73.967,-47.605],[-73.939,-47.585],[-74.032,-47.603],[-74.092,-47.591],[-74.091,-47.565],[-74.03,-47.547],[-74.004,-47.516],[-73.897,-47.494],[-73.933,-47.465],[-73.902,-47.492],[-74.025,-47.513],[-74.113,-47.579],[-74.177,-47.564],[-74.256,-47.589],[-74.288,-47.581],[-74.301,-47.547],[-74.282,-47.514],[-74.199,-47.489],[-74.126,-47.492],[-74.058,-47.428],[-74.139,-47.486],[-74.173,-47.475],[-74.296,-47.509],[-74.339,-47.487],[-74.374,-47.501],[-74.313,-47.514],[-74.328,-47.531],[-74.425,-47.477],[-74.418,-47.453],[-74.307,-47.452],[-74.206,-47.389],[-74.24,-47.398],[-74.23,-47.379],[-74.318,-47.443],[-74.393,-47.439],[-74.399,-47.418],[-74.411,-47.432],[-74.419,-47.391],[-74.456,-47.463],[-74.488,-47.413],[-74.483,-47.398],[-74.458,-47.408],[-74.445,-47.353],[-74.387,-47.322],[-74.38,-47.28],[-74.359,-47.289],[-74.331,-47.271],[-74.262,-47.191],[-74.234,-47.225],[-74.203,-47.207],[-74.229,-47.209],[-74.241,-47.186],[-74.181,-47.215],[-74.195,-47.353],[-74.143,-47.363],[-74.189,-47.334],[-74.182,-47.277],[-74.147,-47.253],[-74.107,-47.279],[-74.128,-47.25],[-74.16,-47.249],[-74.155,-47.219],[-74.194,-47.189],[-74.104,-47.197],[-74.107,-47.233],[-74.083,-47.272],[-74.099,-47.267],[-74.081,-47.287],[-74.121,-47.305],[-74.083,-47.305],[-74.066,-47.339],[-74.032,-47.352],[-74.038,-47.377],[-74.028,-47.353],[-74.067,-47.316],[-74.06,-47.291],[-74.041,-47.289],[-74.08,-47.272],[-74.052,-47.275],[-74.089,-47.236],[-74.093,-47.192],[-74.023,-47.159],[-74.023,-47.223],[-74.009,-47.222],[-74.017,-47.156],[-73.971,-47.145],[-73.932,-47.224],[-73.908,-47.234],[-73.919,-47.243],[-73.898,-47.234],[-73.926,-47.217],[-73.867,-47.186],[-73.926,-47.216],[-73.965,-47.148],[-74.008,-47.145],[-73.952,-47.049],[-73.909,-47.031],[-74.003,-47.097],[-74.015,-47.137],[-74.017,-47.117],[-74.091,-47.169],[-74.077,-47.154],[-74.1,-47.146],[-74.145,-47.163],[-74.132,-47.14],[-74.195,-47.118],[-74.184,-47.106],[-74.196,-47.098],[-74.134,-46.996],[-74.068,-47.004],[-74.051,-47.049],[-74.032,-47.031],[-74.049,-47.005],[-74.014,-46.981],[-73.919,-47.006],[-73.888,-46.984],[-73.886,-46.953],[-73.842,-46.964],[-73.854,-46.944],[-73.889,-46.95],[-73.889,-46.983],[-73.92,-47.005],[-74.019,-46.983],[-74.006,-46.962],[-73.967,-46.964],[-73.998,-46.946],[-74.062,-46.985],[-74.18,-46.865],[-74.124,-46.825],[-74.063,-46.822],[-74.123,-46.824],[-74.182,-46.862],[-74.253,-46.806],[-74.366,-46.778],[-74.214,-46.792],[-74.235,-46.789],[-74.22,-46.757],[-74.112,-46.715],[-74.036,-46.727],[-74.1,-46.706],[-74.039,-46.679],[-74.227,-46.76],[-74.277,-46.718],[-74.236,-46.756],[-74.284,-46.768],[-74.298,-46.736],[-74.289,-46.766],[-74.303,-46.77],[-74.32,-46.747],[-74.395,-46.76],[-74.47,-46.734],[-74.484,-46.722],[-74.466,-46.714],[-74.565,-46.718],[-74.425,-46.767],[-74.501,-46.79],[-74.586,-46.777],[-74.613,-46.803],[-74.602,-46.83],[-74.636,-46.839],[-74.664,-46.812],[-74.774,-46.785],[-74.723,-46.744],[-74.771,-46.765],[-74.791,-46.81],[-74.835,-46.769],[-74.967,-46.744],[-74.967,-46.722],[-75.025,-46.683],[-75.04,-46.641],[-75.028,-46.633],[-75.046,-46.626],[-75.017,-46.589],[-74.979,-46.58],[-74.991,-46.582],[-74.986,-46.557],[-74.918,-46.506],[-74.917,-46.454],[-74.886,-46.433],[-74.94,-46.448],[-74.938,-46.482],[-74.999,-46.535],[-75.021,-46.506],[-75.031,-46.571],[-75.055,-46.568],[-75.071,-46.594],[-75.154,-46.637],[-75.167,-46.63],[-75.156,-46.594],[-75.183,-46.565],[-75.165,-46.6],[-75.193,-46.601],[-75.176,-46.615],[-75.191,-46.636],[-75.312,-46.635],[-75.283,-46.66],[-75.33,-46.658],[-75.322,-46.674],[-75.351,-46.652],[-75.334,-46.648],[-75.361,-46.642],[-75.358,-46.621],[-75.397,-46.656],[-75.482,-46.673],[-75.505,-46.722],[-75.581,-46.698],[-75.512,-46.736],[-75.523,-46.749],[-75.54,-46.736],[-75.577,-46.809],[-75.529,-46.778],[-75.496,-46.788],[-75.526,-46.767],[-75.48,-46.714],[-75.44,-46.732],[-75.415,-46.716],[-75.344,-46.719],[-75.319,-46.728],[-75.34,-46.726],[-75.343,-46.745],[-75.384,-46.722],[-75.368,-46.75],[-75.418,-46.803],[-75.352,-46.764],[-75.378,-46.799],[-75.327,-46.777],[-75.296,-46.814],[-75.303,-46.836],[-75.392,-46.878],[-75.312,-46.851],[-75.262,-46.873],[-75.294,-46.842],[-75.282,-46.818],[-75.254,-46.853],[-75.254,-46.903],[-75.442,-46.97],[-75.51,-46.942],[-75.5,-46.904],[-75.575,-46.884],[-75.583,-46.825],[-75.644,-46.807],[-75.625,-46.766],[-75.655,-46.717],[-75.619,-46.712],[-75.64,-46.709],[-75.636,-46.683],[-75.606,-46.693],[-75.639,-46.677],[-75.588,-46.683],[-75.634,-46.653],[-75.592,-46.644],[-75.6,-46.615],[-75.583,-46.615],[-75.604,-46.598],[-75.582,-46.58],[-75.551,-46.597],[-75.562,-46.578],[-75.454,-46.621],[-75.491,-46.588],[-75.486,-46.569],[-75.423,-46.582],[-75.504,-46.524],[-75.457,-46.515],[-75.428,-46.53],[-75.428,-46.512],[-75.397,-46.546],[-75.386,-46.496],[-75.318,-46.497],[-75.36,-46.459],[-75.343,-46.458],[-75.35,-46.436],[-75.283,-46.483],[-75.279,-46.455],[-75.315,-46.454],[-75.336,-46.433],[-75.311,-46.438],[-75.302,-46.402],[-75.254,-46.415],[-75.261,-46.392],[-75.22,-46.372],[-75.17,-46.383],[-75.189,-46.389],[-75.183,-46.415],[-75.141,-46.45],[-75.172,-46.421],[-75.171,-46.393],[-75.132,-46.383],[-75.166,-46.39],[-75.186,-46.367],[-75.155,-46.352],[-75.146,-46.324],[-75.175,-46.303],[-75.015,-46.373],[-74.87,-46.371],[-74.995,-46.361],[-75.1,-46.326],[-75.096,-46.285],[-74.995,-46.291],[-75.07,-46.276],[-75.075,-46.252],[-75.04,-46.224],[-75.001,-46.215],[-74.857,-46.301],[-74.919,-46.231],[-74.876,-46.183],[-74.901,-46.181],[-74.872,-46.18],[-74.874,-46.16],[-74.847,-46.15],[-74.787,-46.169],[-74.74,-46.223],[-74.739,-46.189],[-74.628,-46.17],[-74.747,-46.173],[-74.774,-46.126],[-74.736,-46.078],[-74.755,-46.07],[-74.742,-46.05],[-74.544,-46.048],[-74.575,-46.026],[-74.59,-46.051],[-74.625,-46.032],[-74.706,-46.032],[-74.682,-46.002],[-74.666,-46.006],[-74.691,-45.958],[-74.669,-45.905],[-74.702,-45.925],[-74.707,-45.964],[-74.738,-45.96],[-74.7,-45.971],[-74.724,-46.009],[-74.807,-46.055],[-74.85,-46.034],[-74.829,-46.072],[-74.877,-46.115],[-75.042,-46.099],[-75.056,-46.04],[-74.938,-46.014],[-74.857,-46.026],[-74.809,-45.997],[-74.867,-46.019],[-75.035,-45.99],[-74.987,-45.993],[-74.967,-45.956],[-74.911,-45.969],[-74.972,-45.952],[-75.001,-45.965],[-74.98,-45.968],[-74.993,-45.986],[-75.06,-45.973],[-75.033,-45.943],[-75.073,-45.934],[-75.09,-45.89],[-75.024,-45.858],[-74.975,-45.883],[-74.962,-45.92],[-74.947,-45.888],[-74.912,-45.92],[-74.774,-45.952],[-74.918,-45.894],[-74.941,-45.879],[-74.932,-45.859],[-74.842,-45.903],[-74.861,-45.882],[-74.841,-45.871],[-74.823,-45.871],[-74.835,-45.888],[-74.815,-45.867],[-74.781,-45.886],[-74.751,-45.872],[-74.781,-45.883],[-74.796,-45.833],[-74.684,-45.816],[-74.673,-45.853],[-74.693,-45.86],[-74.677,-45.862],[-74.685,-45.883],[-74.705,-45.872],[-74.69,-45.889],[-74.704,-45.902],[-74.652,-45.883],[-74.628,-45.831],[-74.561,-45.838],[-74.571,-45.878],[-74.547,-45.842],[-74.52,-45.869],[-74.544,-45.838],[-74.506,-45.849],[-74.487,-45.892],[-74.529,-45.914],[-74.459,-45.907],[-74.489,-45.933],[-74.47,-45.938],[-74.48,-45.959],[-74.431,-45.92],[-74.419,-45.94],[-74.444,-46.016],[-74.476,-46.022],[-74.434,-46.028],[-74.43,-46.051],[-74.411,-46.037],[-74.404,-45.976],[-74.386,-45.999],[-74.391,-45.954],[-74.324,-45.976],[-74.453,-45.863],[-74.451,-45.84],[-74.373,-45.869],[-74.426,-45.84],[-74.435,-45.803],[-74.41,-45.824],[-74.35,-45.799],[-74.331,-45.823],[-74.34,-45.795],[-74.315,-45.821],[-74.283,-45.812],[-74.298,-45.845],[-74.267,-45.875],[-74.266,-45.834],[-74.213,-45.815],[-74.106,-45.807],[-74.06,-45.847],[-74.073,-45.813],[-74.049,-45.847],[-74.06,-45.86],[-74.256,-45.904],[-74.101,-45.901],[-74.077,-45.914],[-74.088,-45.922],[-74.163,-45.945],[-74.035,-45.91],[-74.004,-45.937],[-74.009,-45.972],[-74.105,-46.015],[-74.245,-46.033],[-74.305,-46.008],[-74.246,-46.042],[-74.059,-46.015],[-74.057,-46.106],[-74.126,-46.139],[-74.304,-46.141],[-74.332,-46.122],[-74.303,-46.147],[-74.175,-46.136],[-74.137,-46.15],[-74.051,-46.122],[-74.009,-46.094],[-74.044,-46.1],[-74.02,-46.031],[-74.044,-46.018],[-74.007,-45.986],[-73.99,-46.006],[-73.999,-46.02],[-73.944,-46.034],[-73.939,-46.08],[-73.982,-46.147],[-74.154,-46.223],[-74.287,-46.251],[-74.404,-46.206],[-74.433,-46.153],[-74.428,-46.179],[-74.445,-46.172],[-74.448,-46.194],[-74.293,-46.261],[-74.0,-46.183],[-74.003,-46.222],[-74.041,-46.235],[-74.005,-46.233],[-73.993,-46.274],[-73.988,-46.232],[-73.942,-46.226],[-73.924,-46.283],[-73.967,-46.278],[-73.971,-46.26],[-73.978,-46.281],[-73.901,-46.302],[-73.864,-46.341],[-73.856,-46.327],[-73.829,-46.349],[-73.838,-46.321],[-73.909,-46.281],[-73.938,-46.224],[-73.99,-46.228],[-73.951,-46.144],[-73.861,-46.135],[-73.812,-46.2],[-73.726,-46.232],[-73.723,-46.267],[-73.761,-46.364],[-73.863,-46.455],[-73.87,-46.48],[-73.845,-46.527],[-73.875,-46.489],[-73.868,-46.503],[-73.908,-46.506],[-73.886,-46.511],[-73.923,-46.534],[-73.964,-46.608],[-73.912,-46.539],[-73.916,-46.562],[-73.877,-46.562],[-73.862,-46.593],[-73.807,-46.576],[-73.766,-46.516],[-73.77,-46.493],[-73.723,-46.489],[-73.718,-46.516],[-73.657,-46.541],[-73.592,-46.498],[-73.611,-46.493],[-73.657,-46.536],[-73.698,-46.527],[-73.719,-46.51],[-73.712,-46.491],[-73.762,-46.472],[-73.737,-46.458],[-73.721,-46.414],[-73.76,-46.4],[-73.707,-46.406],[-73.622,-46.326],[-73.594,-46.31],[-73.597,-46.339],[-73.569,-46.302],[-73.422,-46.317],[-73.386,-46.369],[-73.323,-46.351],[-73.239,-46.428],[-73.3,-46.359],[-73.389,-46.366],[-73.411,-46.333],[-73.386,-46.338],[-73.419,-46.327],[-73.421,-46.295],[-73.511,-46.282],[-73.535,-46.295],[-73.556,-46.272],[-73.518,-46.235],[-73.524,-46.199],[-73.485,-46.154],[-73.434,-46.155],[-73.468,-46.143],[-73.465,-46.13],[-73.39,-46.046],[-73.269,-46.038],[-73.345,-46.026],[-73.194,-45.999],[-73.342,-46.026],[-73.352,-46.001],[-73.371,-46.008],[-73.353,-46.015],[-73.387,-46.013],[-73.37,-45.954],[-73.313,-45.927],[-73.333,-45.923],[-73.326,-45.908],[-73.226,-45.889],[-73.174,-45.831],[-73.128,-45.835],[-73.077,-45.876],[-73.009,-45.878],[-73.155,-45.818],[-73.219,-45.878],[-73.335,-45.892],[-73.532,-45.835],[-73.375,-45.696],[-73.214,-45.667],[-73.235,-45.678],[-73.19,-45.689],[-73.13,-45.651],[-73.278,-45.646],[-73.289,-45.627],[-73.275,-45.603],[-73.237,-45.587],[-73.276,-45.592],[-73.3,-45.623],[-73.368,-45.639],[-73.469,-45.743],[-73.562,-45.781],[-73.492,-45.467],[-73.445,-45.418],[-73.393,-45.407],[-73.387,-45.488],[-73.37,-45.449],[-73.382,-45.388],[-73.33,-45.365],[-73.328,-45.349],[-73.302,-45.413],[-73.301,-45.376],[-73.328,-45.346],[-73.198,-45.292],[-73.149,-45.315],[-73.147,-45.359],[-73.106,-45.394],[-73.014,-45.425],[-73.008,-45.445],[-72.976,-45.444],[-72.991,-45.453],[-72.875,-45.477],[-72.844,-45.459],[-72.834,-45.484],[-72.817,-45.47],[-72.827,-45.449],[-72.793,-45.453],[-72.807,-45.425],[-72.777,-45.406],[-72.82,-45.378],[-72.875,-45.389],[-72.889,-45.42],[-72.987,-45.405],[-73.056,-45.338],[-73.103,-45.325],[-73.106,-45.298],[-73.209,-45.239],[-73.273,-45.246],[-73.329,-45.293],[-73.513,-45.235],[-73.51,-45.198],[-73.485,-45.195],[-73.441,-45.262],[-73.426,-45.189],[-73.313,-45.203],[-73.304,-45.172],[-73.336,-45.163],[-73.303,-45.169],[-73.274,-45.149],[-73.321,-45.098],[-73.268,-45.07],[-73.338,-45.093],[-73.363,-45.067],[-73.376,-45.016],[-73.356,-44.955],[-73.218,-44.962],[-73.123,-44.93],[-73.097,-44.951],[-72.989,-44.888],[-73.004,-44.883],[-72.973,-44.859],[-72.928,-44.866],[-72.746,-44.747],[-72.713,-44.743],[-72.678,-44.787],[-72.683,-44.766],[-72.646,-44.778],[-72.597,-44.756],[-72.545,-44.696],[-72.398,-44.658],[-72.545,-44.695],[-72.598,-44.755],[-72.646,-44.778],[-72.682,-44.764],[-72.678,-44.785],[-72.713,-44.758],[-72.683,-44.73],[-72.718,-44.663],[-72.664,-44.623],[-72.678,-44.588],[-72.653,-44.537],[-72.583,-44.502],[-72.462,-44.561],[-72.598,-44.488],[-72.604,-44.473],[-72.578,-44.462],[-72.607,-44.472],[-72.582,-44.395],[-72.603,-44.385],[-72.56,-44.364],[-72.572,-44.355],[-72.555,-44.327],[-72.574,-44.326],[-72.617,-44.407],[-72.646,-44.413],[-72.656,-44.43],[-72.638,-44.447],[-72.674,-44.511],[-72.717,-44.499],[-72.712,-44.479],[-72.746,-44.464],[-72.703,-44.445],[-72.746,-44.442],[-72.808,-44.4],[-72.759,-44.382],[-72.856,-44.388],[-72.913,-44.371],[-72.891,-44.306],[-72.84,-44.294],[-72.894,-44.295],[-72.913,-44.322],[-72.979,-44.282],[-73.048,-44.272],[-73.067,-44.233],[-73.082,-44.234],[-73.067,-44.26],[-73.086,-44.273],[-73.184,-44.249],[-73.167,-44.211],[-73.121,-44.198],[-73.101,-44.234],[-73.114,-44.209],[-73.096,-44.185],[-73.034,-44.179],[-73.047,-44.167],[-73.093,-44.184],[-73.091,-44.161],[-73.11,-44.185],[-73.097,-44.118],[-73.162,-44.197],[-73.272,-44.184],[-73.27,-44.15],[-73.243,-44.165],[-73.27,-44.145],[-73.261,-44.107],[-73.178,-44.152],[-73.211,-44.119],[-73.207,-44.065],[-73.153,-44.063],[-73.128,-44.105],[-73.084,-44.091],[-73.108,-44.072],[-73.124,-44.012],[-73.138,-44.018],[-73.117,-44.003],[-73.122,-43.973],[-73.102,-43.971],[-73.073,-44.028],[-73.11,-43.956],[-73.03,-43.916],[-73.057,-43.876],[-73.0,-43.882],[-73.029,-43.873],[-73.02,-43.859],[-73.042,-43.865],[-73.044,-43.847],[-72.999,-43.841],[-72.979,-43.767],[-72.95,-43.852],[-72.93,-43.861],[-72.952,-43.815],[-72.918,-43.806],[-72.917,-43.824],[-72.922,-43.808],[-72.871,-43.788],[-72.848,-43.791],[-72.829,-43.824],[-72.702,-43.844],[-72.817,-43.806],[-72.833,-43.759],[-72.804,-43.688],[-72.817,-43.653],[-72.838,-43.77],[-72.921,-43.761],[-72.933,-43.789],[-72.94,-43.753],[-73.046,-43.739],[-73.033,-43.725],[-72.934,-43.697],[-72.894,-43.738],[-72.855,-43.74],[-72.824,-43.645],[-72.807,-43.638],[-72.767,-43.685],[-72.8,-43.74],[-72.767,-43.75],[-72.764,-43.77],[-72.662,-43.777],[-72.654,-43.76],[-72.612,-43.755],[-72.501,-43.797],[-72.476,-43.735],[-72.423,-43.73],[-72.403,-43.69],[-72.334,-43.674],[-72.298,-43.713],[-72.309,-43.732],[-72.271,-43.761],[-72.304,-43.78],[-72.24,-43.807],[-72.282,-43.832],[-72.193,-43.842],[-72.203,-43.854],[-72.181,-43.895],[-72.12,-43.878],[-72.081,-43.897],[-72.108,-43.934],[-72.078,-43.956],[-72.044,-43.936],[-72.014,-43.966],[-71.963,-43.965],[-71.969,-43.925],[-71.91,-43.941],[-71.858,-43.929],[-71.808,-43.955],[-71.827,-43.979],[-71.822,-44.01],[-71.79,-44.055],[-71.736,-44.072],[-71.768,-44.108],[-71.85,-44.115],[-71.845,-44.161],[-71.78,-44.217],[-71.831,-44.266],[-71.803,-44.272],[-71.786,-44.331],[-71.84,-44.351],[-71.806,-44.398],[-71.813,-44.418],[-71.715,-44.381],[-71.669,-44.409],[-71.387,-44.385],[-71.353,-44.403],[-71.349,-44.425],[-71.242,-44.418],[-71.172,-44.439],[-71.129,-44.471],[-71.162,-44.498],[-71.092,-44.532],[-71.096,-44.586],[-71.201,-44.592],[-71.214,-44.633],[-71.235,-44.641],[-71.194,-44.685],[-71.214,-44.711],[-71.205,-44.751],[-71.239,-44.769],[-71.247,-44.799],[-71.293,-44.814],[-71.395,-44.791],[-71.471,-44.738],[-71.582,-44.753],[-71.595,-44.78],[-71.663,-44.788],[-71.69,-44.764],[-71.785,-44.751],[-71.825,-44.774],[-71.816,-44.794],[-71.856,-44.802],[-71.914,-44.777],[-71.93,-44.803],[-72.006,-44.785],[-72.016,-44.758],[-72.066,-44.759],[-72.068,-44.788],[-72.027,-44.806],[-72.067,-44.85],[-72.036,-44.863],[-72.066,-44.876],[-72.04,-44.902],[-71.978,-44.904],[-71.978,-44.92],[-71.879,-44.96],[-71.815,-44.92],[-71.781,-44.943],[-71.754,-44.927],[-71.742,-44.959],[-71.56,-44.978],[-71.541,-45.0],[-71.558,-45.03],[-71.505,-45.072],[-71.527,-45.103],[-71.492,-45.108],[-71.485,-45.143],[-71.417,-45.158],[-71.425,-45.172],[-71.333,-45.241],[-71.35,-45.269],[-71.32,-45.294],[-71.349,-45.332],[-71.447,-45.366],[-71.438,-45.396],[-71.528,-45.392],[-71.521,-45.426],[-71.534,-45.433],[-71.47,-45.495],[-71.56,-45.523],[-71.682,-45.513],[-71.693,-45.533],[-71.745,-45.541],[-71.765,-45.574],[-71.728,-45.573],[-71.73,-45.591],[-71.777,-45.619],[-71.773,-45.641],[-71.796,-45.665],[-71.772,-45.695],[-71.802,-45.72],[-71.742,-45.806],[-71.768,-45.847],[-71.658,-45.884],[-71.616,-45.977],[-71.648,-45.986],[-71.646,-46.011],[-71.715,-46.089],[-71.783,-46.119],[-71.825,-46.11],[-71.916,-46.14],[-71.901,-46.165],[-71.867,-46.157],[-71.877,-46.168],[-71.86,-46.194],[-71.778,-46.198],[-71.727,-46.272],[-71.757,-46.346],[-71.669,-46.529],[-71.669,-46.613],[-71.646,-46.638],[-71.645,-46.68],[-71.834,-46.796],[-71.956,-46.815],[-71.931,-46.845],[-71.932,-46.868],[-71.97,-46.904],[-71.958,-46.974],[-71.88,-47.011],[-71.904,-47.051],[-71.955,-47.077],[-71.86,-47.132],[-71.85,-47.163],[-71.888,-47.18],[-71.893,-47.214],[-71.865,-47.231],[-72.019,-47.198],[-72.001,-47.215],[-72.015,-47.251],[-71.997,-47.295],[-72.048,-47.34],[-72.13,-47.329],[-72.161,-47.395],[-72.198,-47.416],[-72.245,-47.405],[-72.293,-47.446],[-72.342,-47.455],[-72.292,-47.512],[-72.326,-47.57],[-72.313,-47.596],[-72.353,-47.637],[-72.42,-47.661],[-72.416,-47.691],[-72.45,-47.707],[-72.443,-47.746],[-72.466,-47.738],[-72.483,-47.759],[-72.522,-47.741],[-72.496,-47.797],[-72.469,-47.812],[-72.479,-47.871],[-72.499,-47.875],[-72.528,-47.937],[-72.499,-47.962],[-72.425,-47.966],[-72.418,-48.0],[-72.444,-48.063],[-72.361,-48.072],[-72.358,-48.102],[-72.305,-48.139],[-72.306,-48.2],[-72.325,-48.215],[-72.228,-48.318],[-72.245,-48.349],[-72.38,-48.35],[-72.347,-48.389],[-72.405,-48.414],[-72.41,-48.433],[-72.375,-48.45],[-72.442,-48.513],[-72.504,-48.518],[-72.536,-48.482],[-72.588,-48.492],[-72.541,-48.635],[-72.53,-48.796],[-72.64,-48.866],[-72.688,-48.865],[-72.697,-48.897],[-72.744,-48.906],[-72.796,-48.968],[-72.921,-48.936],[-72.946,-48.945],[-72.959,-48.982],[-72.994,-48.998],[-72.981,-49.03],[-73.011,-49.033],[-73.005,-49.063],[-73.03,-49.067],[-73.061,-49.126],[-73.142,-49.18],[-73.143,-49.212],[-73.985,-48.704],[-74.021,-48.721],[-74.07,-48.696],[-74.167,-48.69],[-74.237,-48.719],[-74.274,-48.7],[-74.258,-48.677],[-74.196,-48.666],[-74.175,-48.64],[-74.237,-48.675],[-74.254,-48.662],[-74.253,-48.625],[-74.268,-48.668],[-74.301,-48.676],[-74.312,-48.651],[-74.322,-48.666],[-74.334,-48.651],[-74.301,-48.648],[-74.306,-48.628],[-74.36,-48.588],[-74.235,-48.516],[-74.174,-48.536],[-74.226,-48.505],[-74.146,-48.466],[-73.944,-48.567],[-73.898,-48.612],[-73.888,-48.596],[-73.914,-48.602],[-73.921,-48.581],[-73.905,-48.575],[-73.912,-48.56],[-74.002,-48.513],[-73.977,-48.492],[-73.98,-48.429],[-73.951,-48.415],[-73.882,-48.424],[-73.832,-48.395],[-73.787,-48.415],[-73.797,-48.395],[-73.774,-48.398],[-73.84,-48.388],[-73.905,-48.413],[-73.944,-48.397],[-73.974,-48.407],[-74.054,-48.389],[-74.103,-48.347],[-74.205,-48.353],[-74.147,-48.317],[-73.909,-48.31],[-74.098,-48.303],[-74.226,-48.333],[-74.186,-48.284],[-74.265,-48.233],[-74.258,-48.192],[-74.274,-48.213],[-74.369,-48.187],[-74.47,-48.086],[-74.377,-48.054],[-74.418,-48.057],[-74.406,-48.029],[-74.357,-48.001],[-74.399,-48.003],[-74.388,-48.014],[-74.469,-48.079],[-74.49,-48.083],[-74.44,-48.05],[-74.536,-48.091],[-74.599,-48.057],[-74.608,-47.998],[-74.534,-47.97],[-74.489,-47.928],[-74.289,-47.999],[-74.274,-48.028],[-74.295,-48.007],[-74.302,-48.019],[-74.277,-48.031],[-74.205,-48.156],[-74.208,-48.201],[-74.228,-48.195],[-74.215,-48.255],[-74.194,-48.179],[-74.136,-48.235],[-74.055,-48.191],[-74.147,-48.223],[-74.142,-48.19],[-74.187,-48.168],[-74.191,-48.145],[-74.165,-48.141],[-74.193,-48.137],[-74.259,-48.0],[-74.215,-47.992],[-74.197,-48.02],[-74.206,-47.993],[-74.149,-47.982],[-74.114,-48.077],[-74.099,-48.059],[-74.131,-48.028],[-74.143,-47.982],[-74.113,-47.98],[-74.076,-48.008],[-74.107,-47.979],[-74.071,-47.966],[-74.008,-47.986],[-74.011,-47.972],[-73.977,-47.977],[-73.998,-47.988],[-73.975,-48.002],[-73.984,-48.012],[-74.019,-48.001],[-73.986,-48.025],[-73.971,-48.006],[-73.911,-48.04],[-73.865,-48.015],[-73.822,-48.02],[-73.831,-48.04],[-73.807,-48.053],[-73.836,-48.108],[-73.808,-48.096],[-73.796,-48.054],[-73.711,-48.024],[-73.709,-48.069],[-73.756,-48.108],[-73.746,-48.146],[-73.746,-48.11],[-73.686,-48.085],[-73.545,-48.135],[-73.537,-48.184],[-73.592,-48.251],[-73.537,-48.188],[-73.515,-48.242],[-73.447,-48.248],[-73.49,-48.212],[-73.438,-48.165],[-73.383,-48.176],[-73.333,-48.225],[-73.267,-48.244],[-73.169,-48.231],[-73.135,-48.163],[-73.099,-48.152],[-73.081,-48.17],[-73.086,-48.146],[-73.113,-48.132],[-73.107,-48.1],[-73.13,-48.084],[-73.111,-48.149],[-73.167,-48.192],[-73.172,-48.227],[-73.267,-48.238],[-73.331,-48.224],[-73.312,-48.187],[-73.228,-48.146],[-73.225,-48.082],[-73.243,-48.045],[-73.223,-48.013],[-73.251,-48.035],[-73.249,-48.13],[-73.3,-48.171],[-73.446,-48.125],[-73.559,-48.02],[-73.475,-47.977],[-73.582,-48.004],[-73.604,-47.983],[-73.596,-47.968],[-73.62,-47.945],[-73.597,-47.886],[-73.619,-47.888],[-73.602,-47.862],[-73.504,-47.883],[-73.503,-47.925],[-73.463,-47.95],[-73.396,-47.956],[-73.41,-47.968],[-73.302,-47.952],[-73.203,-47.975],[-73.178,-47.958],[-73.101,-48.009],[-73.056,-48.009],[-73.0,-48.038],[-73.057,-48.007],[-73.096,-48.011],[-73.177,-47.957],[-73.286,-47.932],[-73.43,-47.944],[-73.48,-47.919],[-73.495,-47.905],[-73.458,-47.895],[-73.475,-47.877],[-73.443,-47.86],[-73.444,-47.842],[-73.477,-47.862],[-73.479,-47.839],[-73.54,-47.818],[-73.532,-47.798],[-73.571,-47.807],[-73.578,-47.785],[-73.644,-47.78],[-73.683,-47.756],[-73.703,-47.693],[-73.686,-47.66],[-73.633,-47.62],[-73.59,-47.614],[-73.631,-47.603],[-73.656,-47.633],[-73.678,-47.623],[-73.672,-47.575],[-73.629,-47.547],[-73.699,-47.544],[-73.705,-47.526],[-73.71,-47.555],[-73.672,-47.539],[-73.634,-47.549],[-73.676,-47.579],[-73.68,-47.623],[-73.663,-47.636],[-73.69,-47.635],[-73.733,-47.688],[-73.738,-47.725],[-73.712,-47.769],[-73.879,-47.83],[-73.995,-47.806],[-73.983,-47.775],[-74.009,-47.782],[-74.006,-47.749],[-74.02,-47.767],[-74.149,-47.781],[-74.239,-47.745],[-74.251,-47.752],[-74.238,-47.76],[-74.314,-47.778],[-74.366,-47.753],[-74.258,-47.752],[-74.313,-47.726],[-74.427,-47.744],[-74.475,-47.779],[-74.506,-47.769],[-74.458,-47.743]]]]}},{"type":"Feature","id":16,"properties":{"id":16,"code":"CL-MA"},"geometry":{"type":"MultiPolygon","coordinates":[[[[-67.095,-55.814],[-67.073,-55.835],[-67.12,-55.84],[-67.083,-55.859],[-67.112,-55.87],[-67.065,-55.907],[-67.107,-55.899],[-67.178,-55.858],[-67.095,-55.814]]],[[[-67.299,-55.804],[-67.299,-55.823],[-67.207,-55.852],[-67.216,-55.875],[-67.196,-55.881],[-67.256,-55.892],[-67.292,-55.866],[-67.348,-55.865],[-67.357,-55.822],[-67.388,-55.836],[-67.423,-55.824],[-67.299,-55.804]]],[[[-67.595,-55.795],[-67.506,-55.825],[-67.548,-55.834],[-67.529,-55.851],[-67.572,-55.859],[-67.541,-55.867],[-67.557,-55.895],[-67.617,-55.876],[-67.609,-55.904],[-67.646,-55.915],[-67.62,-55.858],[-67.638,-55.844],[-67.662,-55.843],[-67.66,-55.863],[-67.695,-55.854],[-67.699,-55.886],[-67.729,-55.88],[-67.749,-55.846],[-67.766,-55.864],[-67.801,-55.867],[-67.801,-55.895],[-67.828,-55.889],[-67.827,-55.868],[-67.886,-55.882],[-67.907,-55.872],[-67.897,-55.862],[-67.913,-55.838],[-67.892,-55.822],[-67.73,-55.833],[-67.668,-55.814],[-67.57,-55.836],[-67.606,-55.805],[-67.595,-55.795]]],[[[-67.598,-55.603],[-67.547,-55.63],[-67.591,-55.68],[-67.663,-55.703],[-67.688,-55.674],[-67.693,-55.662],[-67.602,-55.651],[-67.635,-55.619],[-67.621,-55.595],[-67.598,-55.603]]],[[[-67.37,-55.567],[-67.361,-55.585],[-67.382,-55.597],[-67.34,-55.615],[-67.378,-55.636],[-67.322,-55.639],[-67.377,-55.667],[-67.386,-55.707],[-67.367,-55.72],[-67.326,-55.689],[-67.255,-55.721],[-67.316,-55.726],[-67.299,-55.752],[-67.246,-55.753],[-67.262,-55.785],[-67.352,-55.794],[-67.359,-55.757],[-67.397,-55.767],[-67.381,-55.757],[-67.395,-55.74],[-67.448,-55.773],[-67.466,-55.738],[-67.489,-55.76],[-67.535,-55.73],[-67.58,-55.727],[-67.508,-55.71],[-67.552,-55.711],[-67.563,-55.691],[-67.564,-55.656],[-67.537,-55.645],[-67.505,-55.649],[-67.509,-55.675],[-67.437,-55.684],[-67.417,-55.718],[-67.398,-55.689],[-67.424,-55.636],[-67.453,-55.618],[-67.498,-55.621],[-67.447,-55.575],[-67.37,-55.567]]],[[[-67.665,-55.497],[-67.608,-55.53],[-67.609,-55.58],[-67.565,-55.597],[-67.611,-55.58],[-67.638,-55.591],[-67.652,-55.613],[-67.743,-55.621],[-67.738,-55.597],[-67.695,-55.568],[-67.67,-55.572],[-67.707,-55.539],[-67.699,-55.511],[-67.665,-55.497]]],[[[-69.598,-55.428],[-69.437,-55.478],[-69.465,-55.494],[-69.445,-55.509],[-69.489,-55.513],[-69.498,-55.492],[-69.513,-55.489],[-69.505,-55.47],[-69.557,-55.479],[-69.568,-55.458],[-69.597,-55.47],[-69.567,-55.447],[-69.601,-55.442],[-69.598,-55.428]]],[[[-69.766,-55.372],[-69.63,-55.403],[-69.623,-55.426],[-69.653,-55.436],[-69.67,-55.411],[-69.739,-55.419],[-69.678,-55.424],[-69.71,-55.435],[-69.664,-55.44],[-69.684,-55.47],[-69.7,-55.45],[-69.697,-55.469],[-69.719,-55.467],[-69.728,-55.438],[-69.789,-55.459],[-69.795,-55.448],[-69.753,-55.442],[-69.775,-55.439],[-69.754,-55.424],[-69.773,-55.415],[-69.746,-55.416],[-69.78,-55.402],[-69.789,-55.377],[-69.766,-55.372]]],[[[-69.122,-55.358],[-69.052,-55.384],[-69.087,-55.403],[-69.019,-55.415],[-69.035,-55.42],[-69.016,-55.417],[-69.033,-55.421],[-69.017,-55.44],[-68.978,-55.429],[-68.957,-55.452],[-69.002,-55.462],[-69.04,-55.442],[-69.013,-55.442],[-69.024,-55.435],[-69.108,-55.406],[-69.134,-55.376],[-69.122,-55.358]]],[[[-70.019,-55.328],[-69.967,-55.317],[-69.942,-55.346],[-69.99,-55.346],[-69.946,-55.352],[-69.993,-55.377],[-70.023,-55.363],[-70.008,-55.369],[-70.005,-55.409],[-70.034,-55.399],[-70.023,-55.383],[-70.068,-55.381],[-70.063,-55.367],[-70.078,-55.368],[-70.033,-55.36],[-70.132,-55.329],[-70.03,-55.324],[-70.041,-55.341],[-70.022,-55.349],[-70.019,-55.328]]],[[[-69.264,-55.261],[-69.195,-55.268],[-69.239,-55.301],[-69.311,-55.299],[-69.394,-55.285],[-69.264,-55.261]]],[[[-68.866,-55.242],[-68.848,-55.251],[-68.885,-55.284],[-68.891,-55.343],[-68.926,-55.367],[-68.948,-55.358],[-68.926,-55.359],[-68.945,-55.353],[-68.934,-55.338],[-68.955,-55.294],[-68.866,-55.242]]],[[[-66.902,-55.218],[-66.865,-55.226],[-66.839,-55.302],[-66.871,-55.334],[-66.856,-55.342],[-66.899,-55.351],[-67.037,-55.337],[-67.061,-55.277],[-66.996,-55.232],[-66.902,-55.218]]],[[[-66.556,-55.174],[-66.431,-55.193],[-66.419,-55.22],[-66.479,-55.223],[-66.52,-55.258],[-66.504,-55.269],[-66.591,-55.283],[-66.652,-55.278],[-66.653,-55.205],[-66.584,-55.196],[-66.556,-55.174]]],[[[-68.285,-55.155],[-68.24,-55.168],[-68.209,-55.222],[-68.323,-55.196],[-68.327,-55.167],[-68.285,-55.155]]],[[[-67.044,-54.987],[-66.927,-55.027],[-66.861,-55.028],[-66.839,-55.09],[-66.813,-55.118],[-66.858,-55.117],[-67.051,-55.024],[-67.06,-54.997],[-67.044,-54.987]]],[[[-71.218,-54.944],[-71.187,-54.953],[-71.224,-54.98],[-71.211,-55.016],[-71.229,-55.02],[-71.227,-54.997],[-71.268,-55.03],[-71.303,-55.023],[-71.249,-54.997],[-71.284,-54.991],[-71.271,-54.976],[-71.286,-54.967],[-71.218,-54.944]]],[[[-69.989,-54.937],[-69.984,-54.953],[-69.948,-54.957],[-69.971,-54.982],[-70.043,-55.005],[-70.014,-54.961],[-70.056,-54.99],[-70.083,-54.979],[-70.081,-55.011],[-70.208,-55.025],[-70.2,-54.988],[-70.178,-54.971],[-70.13,-54.976],[-70.127,-54.956],[-70.145,-54.959],[-69.989,-54.937]]],[[[-70.481,-54.973],[-70.477,-54.955],[-70.323,-54.925],[-70.288,-54.94],[-70.297,-54.954],[-70.254,-54.942],[-70.268,-54.952],[-70.245,-54.952],[-70.273,-54.963],[-70.308,-54.977],[-70.314,-54.958],[-70.358,-54.952],[-70.334,-54.958],[-70.344,-54.986],[-70.399,-54.983],[-70.425,-55.004],[-70.467,-55.002],[-70.481,-54.973]]],[[[-68.537,-54.926],[-68.402,-54.95],[-68.304,-55.033],[-68.325,-55.077],[-68.363,-55.078],[-68.411,-55.063],[-68.443,-55.022],[-68.406,-55.092],[-68.448,-55.11],[-68.52,-55.114],[-68.557,-55.085],[-68.639,-55.098],[-68.563,-55.097],[-68.539,-55.134],[-68.585,-55.158],[-68.75,-55.143],[-69.003,-55.049],[-69.01,-55.026],[-69.068,-55.08],[-68.966,-55.076],[-68.97,-55.117],[-68.735,-55.187],[-68.697,-55.17],[-68.748,-55.179],[-68.789,-55.153],[-68.773,-55.149],[-68.543,-55.192],[-68.345,-55.182],[-68.344,-55.211],[-68.245,-55.226],[-68.328,-55.234],[-68.228,-55.255],[-68.171,-55.291],[-68.384,-55.309],[-68.487,-55.283],[-68.446,-55.306],[-68.534,-55.322],[-68.576,-55.315],[-68.645,-55.255],[-68.725,-55.278],[-68.631,-55.274],[-68.62,-55.289],[-68.661,-55.292],[-68.64,-55.301],[-68.65,-55.307],[-68.601,-55.305],[-68.596,-55.323],[-68.626,-55.338],[-68.611,-55.35],[-68.577,-55.331],[-68.522,-55.337],[-68.574,-55.375],[-68.493,-55.34],[-68.384,-55.341],[-68.311,-55.351],[-68.303,-55.38],[-68.266,-55.374],[-68.319,-55.398],[-68.307,-55.409],[-68.233,-55.382],[-68.206,-55.411],[-68.134,-55.389],[-68.111,-55.422],[-68.127,-55.45],[-68.163,-55.46],[-68.142,-55.473],[-68.172,-55.477],[-68.022,-55.477],[-68.09,-55.528],[-68.116,-55.525],[-68.041,-55.549],[-68.039,-55.58],[-67.975,-55.589],[-68.023,-55.613],[-67.977,-55.61],[-67.995,-55.616],[-67.983,-55.637],[-68.029,-55.649],[-67.983,-55.676],[-68.014,-55.676],[-68.067,-55.716],[-68.131,-55.666],[-68.113,-55.629],[-68.138,-55.639],[-68.145,-55.615],[-68.124,-55.592],[-68.236,-55.632],[-68.275,-55.624],[-68.216,-55.532],[-68.263,-55.528],[-68.321,-55.493],[-68.304,-55.488],[-68.316,-55.481],[-68.334,-55.492],[-68.318,-55.467],[-68.339,-55.457],[-68.365,-55.463],[-68.347,-55.473],[-68.364,-55.484],[-68.441,-55.493],[-68.49,-55.462],[-68.531,-55.463],[-68.515,-55.446],[-68.532,-55.407],[-68.552,-55.437],[-68.596,-55.399],[-68.611,-55.404],[-68.562,-55.427],[-68.599,-55.428],[-68.559,-55.456],[-68.565,-55.469],[-68.606,-55.451],[-68.608,-55.468],[-68.694,-55.473],[-68.749,-55.431],[-68.777,-55.443],[-68.73,-55.454],[-68.732,-55.471],[-68.784,-55.474],[-68.738,-55.479],[-68.726,-55.498],[-68.778,-55.513],[-68.804,-55.487],[-68.879,-55.482],[-68.834,-55.459],[-68.917,-55.462],[-68.894,-55.449],[-68.931,-55.447],[-68.93,-55.428],[-68.85,-55.39],[-68.801,-55.385],[-68.763,-55.406],[-68.752,-55.387],[-68.687,-55.387],[-68.782,-55.372],[-68.721,-55.353],[-68.752,-55.344],[-68.808,-55.376],[-68.933,-55.404],[-68.93,-55.384],[-68.837,-55.323],[-68.855,-55.324],[-68.87,-55.285],[-68.808,-55.247],[-68.857,-55.234],[-68.774,-55.187],[-68.888,-55.235],[-68.914,-55.222],[-68.919,-55.238],[-68.953,-55.231],[-68.928,-55.247],[-68.946,-55.281],[-68.974,-55.283],[-68.968,-55.269],[-69.001,-55.285],[-69.049,-55.278],[-69.052,-55.241],[-69.095,-55.223],[-69.101,-55.184],[-69.085,-55.161],[-69.129,-55.204],[-69.075,-55.253],[-69.096,-55.264],[-69.193,-55.231],[-69.227,-55.19],[-69.281,-55.189],[-69.215,-55.246],[-69.228,-55.255],[-69.329,-55.246],[-69.297,-55.256],[-69.385,-55.28],[-69.389,-55.255],[-69.486,-55.266],[-69.402,-55.264],[-69.415,-55.284],[-69.459,-55.291],[-69.406,-55.286],[-69.411,-55.298],[-69.458,-55.309],[-69.335,-55.308],[-69.32,-55.321],[-69.345,-55.328],[-69.291,-55.324],[-69.32,-55.346],[-69.253,-55.35],[-69.277,-55.375],[-69.245,-55.381],[-69.282,-55.39],[-69.197,-55.401],[-69.23,-55.419],[-69.188,-55.414],[-69.209,-55.424],[-69.18,-55.432],[-69.247,-55.432],[-69.233,-55.448],[-69.262,-55.451],[-69.204,-55.45],[-69.256,-55.468],[-69.175,-55.466],[-69.21,-55.478],[-69.175,-55.485],[-69.153,-55.457],[-69.072,-55.476],[-69.147,-55.48],[-69.099,-55.489],[-69.139,-55.489],[-69.099,-55.495],[-69.125,-55.505],[-69.07,-55.509],[-69.105,-55.512],[-69.094,-55.538],[-69.154,-55.521],[-69.158,-55.499],[-69.18,-55.518],[-69.18,-55.491],[-69.206,-55.521],[-69.288,-55.517],[-69.321,-55.453],[-69.307,-55.422],[-69.331,-55.422],[-69.346,-55.47],[-69.32,-55.478],[-69.317,-55.5],[-69.339,-55.488],[-69.331,-55.506],[-69.353,-55.504],[-69.353,-55.557],[-69.394,-55.524],[-69.37,-55.487],[-69.415,-55.477],[-69.396,-55.459],[-69.426,-55.453],[-69.394,-55.434],[-69.422,-55.449],[-69.484,-55.44],[-69.459,-55.436],[-69.48,-55.429],[-69.461,-55.414],[-69.35,-55.4],[-69.481,-55.409],[-69.47,-55.386],[-69.42,-55.37],[-69.451,-55.371],[-69.524,-55.418],[-69.611,-55.392],[-69.5,-55.36],[-69.583,-55.379],[-69.535,-55.354],[-69.611,-55.365],[-69.611,-55.382],[-69.66,-55.369],[-69.642,-55.354],[-69.667,-55.357],[-69.606,-55.339],[-69.688,-55.363],[-69.787,-55.346],[-69.752,-55.343],[-69.789,-55.333],[-69.77,-55.325],[-69.669,-55.337],[-69.752,-55.319],[-69.742,-55.309],[-69.524,-55.305],[-69.672,-55.295],[-69.608,-55.279],[-69.667,-55.286],[-69.651,-55.266],[-69.563,-55.229],[-69.523,-55.237],[-69.533,-55.221],[-69.473,-55.198],[-69.551,-55.219],[-69.561,-55.207],[-69.634,-55.249],[-69.684,-55.232],[-69.647,-55.253],[-69.665,-55.264],[-69.812,-55.296],[-69.819,-55.283],[-69.853,-55.306],[-69.898,-55.29],[-69.838,-55.265],[-69.943,-55.273],[-69.972,-55.257],[-69.882,-55.26],[-69.879,-55.24],[-69.841,-55.243],[-69.954,-55.237],[-69.961,-55.221],[-69.929,-55.211],[-69.969,-55.203],[-69.933,-55.198],[-69.89,-55.219],[-69.802,-55.197],[-69.851,-55.183],[-69.861,-55.201],[-69.904,-55.202],[-69.947,-55.193],[-69.934,-55.179],[-69.998,-55.209],[-70.035,-55.187],[-70.02,-55.164],[-70.032,-55.149],[-69.922,-55.119],[-69.938,-55.109],[-69.914,-55.094],[-69.84,-55.084],[-69.821,-55.106],[-69.802,-55.1],[-69.818,-55.096],[-69.809,-55.08],[-69.705,-55.073],[-69.659,-55.103],[-69.688,-55.122],[-69.647,-55.105],[-69.62,-55.122],[-69.674,-55.086],[-69.636,-55.063],[-69.56,-55.054],[-69.568,-55.085],[-69.548,-55.084],[-69.535,-55.119],[-69.558,-55.135],[-69.536,-55.135],[-69.528,-55.158],[-69.534,-55.178],[-69.583,-55.185],[-69.542,-55.186],[-69.517,-55.165],[-69.543,-55.049],[-69.408,-55.033],[-69.395,-55.049],[-69.456,-55.08],[-69.386,-55.054],[-69.32,-55.075],[-69.376,-55.03],[-69.281,-55.006],[-69.22,-55.001],[-69.167,-55.038],[-69.195,-55.005],[-69.134,-54.992],[-69.021,-55.014],[-68.98,-54.992],[-68.807,-54.988],[-68.714,-54.95],[-68.581,-54.945],[-68.537,-54.926]]],[[[-70.443,-54.947],[-70.523,-54.958],[-70.534,-54.97],[-70.498,-54.995],[-70.634,-55.001],[-70.509,-55.002],[-70.52,-55.015],[-70.506,-55.021],[-70.547,-55.011],[-70.589,-55.028],[-70.588,-55.0],[-70.606,-55.019],[-70.663,-55.019],[-70.714,-54.993],[-70.747,-54.998],[-70.745,-55.034],[-70.709,-55.008],[-70.654,-55.041],[-70.608,-55.034],[-70.6,-55.05],[-70.509,-55.027],[-70.484,-55.04],[-70.538,-55.05],[-70.489,-55.056],[-70.515,-55.067],[-70.317,-55.033],[-70.301,-55.04],[-70.324,-55.046],[-70.301,-55.074],[-70.401,-55.083],[-70.323,-55.084],[-70.317,-55.096],[-70.346,-55.102],[-70.28,-55.112],[-70.297,-55.13],[-70.334,-55.111],[-70.327,-55.131],[-70.36,-55.132],[-70.394,-55.094],[-70.456,-55.089],[-70.402,-55.109],[-70.474,-55.098],[-70.448,-55.117],[-70.477,-55.124],[-70.458,-55.132],[-70.468,-55.141],[-70.367,-55.157],[-70.412,-55.155],[-70.377,-55.171],[-70.399,-55.182],[-70.471,-55.176],[-70.488,-55.193],[-70.478,-55.212],[-70.509,-55.207],[-70.491,-55.181],[-70.505,-55.156],[-70.55,-55.151],[-70.575,-55.156],[-70.576,-55.178],[-70.517,-55.192],[-70.579,-55.202],[-70.596,-55.182],[-70.58,-55.125],[-70.542,-55.136],[-70.573,-55.119],[-70.538,-55.1],[-70.556,-55.089],[-70.598,-55.104],[-70.595,-55.061],[-70.645,-55.051],[-70.664,-55.055],[-70.608,-55.07],[-70.608,-55.09],[-70.679,-55.076],[-70.672,-55.118],[-70.721,-55.101],[-70.718,-55.132],[-70.777,-55.114],[-70.726,-55.073],[-70.761,-55.051],[-70.834,-55.074],[-70.833,-55.098],[-70.884,-55.053],[-70.901,-55.084],[-70.952,-55.092],[-70.994,-55.07],[-70.974,-55.045],[-71.034,-55.057],[-70.979,-55.035],[-71.035,-55.023],[-70.973,-54.993],[-71.023,-54.981],[-71.016,-54.96],[-70.939,-54.95],[-70.937,-54.966],[-70.857,-54.926],[-70.893,-54.973],[-70.863,-54.984],[-70.857,-54.96],[-70.802,-54.977],[-70.818,-54.962],[-70.793,-54.927],[-70.719,-54.963],[-70.765,-54.975],[-70.693,-54.974],[-70.683,-54.959],[-70.656,-54.988],[-70.634,-54.971],[-70.576,-54.981],[-70.568,-54.964],[-70.602,-54.966],[-70.615,-54.941],[-70.513,-54.901],[-70.379,-54.89],[-70.312,-54.904],[-70.328,-54.919],[-70.443,-54.947]]],[[[-67.98,-54.893],[-67.773,-54.915],[-67.711,-54.941],[-67.318,-54.925],[-67.163,-54.976],[-67.075,-55.082],[-67.052,-55.083],[-67.045,-55.158],[-67.084,-55.188],[-67.086,-55.211],[-67.143,-55.229],[-67.223,-55.296],[-67.22,-55.32],[-67.26,-55.33],[-67.436,-55.317],[-67.469,-55.27],[-67.41,-55.196],[-67.506,-55.176],[-67.595,-55.197],[-67.625,-55.238],[-67.613,-55.278],[-67.748,-55.25],[-67.819,-55.26],[-67.818,-55.281],[-67.834,-55.28],[-67.824,-55.261],[-67.886,-55.24],[-67.856,-55.233],[-67.882,-55.22],[-67.79,-55.247],[-67.736,-55.244],[-67.736,-55.228],[-67.874,-55.2],[-67.861,-55.191],[-67.885,-55.194],[-67.881,-55.179],[-68.026,-55.238],[-68.115,-55.224],[-68.134,-55.188],[-68.117,-55.173],[-68.052,-55.176],[-68.124,-55.171],[-68.155,-55.145],[-68.171,-55.1],[-68.145,-55.051],[-68.174,-54.992],[-68.196,-54.999],[-68.182,-54.986],[-68.211,-54.972],[-68.199,-54.998],[-68.306,-55.001],[-68.378,-54.947],[-68.328,-54.921],[-68.207,-54.917],[-68.226,-54.901],[-67.98,-54.893]]],[[[-69.745,-54.881],[-69.646,-54.886],[-69.65,-54.905],[-69.6,-54.883],[-69.479,-54.914],[-69.5,-54.919],[-69.477,-54.932],[-69.494,-54.959],[-69.539,-54.969],[-69.481,-54.962],[-69.451,-54.913],[-69.289,-54.944],[-69.221,-54.939],[-69.13,-54.969],[-69.278,-54.992],[-69.345,-54.972],[-69.285,-54.994],[-69.432,-55.025],[-69.446,-54.999],[-69.474,-54.993],[-69.456,-55.011],[-69.493,-55.016],[-69.48,-55.029],[-69.494,-55.037],[-69.611,-55.032],[-69.693,-55.061],[-69.802,-55.064],[-69.787,-55.055],[-69.807,-55.056],[-69.812,-55.032],[-69.809,-55.059],[-69.836,-55.052],[-69.835,-55.069],[-69.93,-55.069],[-69.922,-55.047],[-69.894,-55.041],[-69.888,-55.027],[-69.918,-55.037],[-69.939,-55.012],[-69.912,-54.992],[-69.959,-54.983],[-69.922,-54.956],[-69.806,-54.967],[-69.94,-54.931],[-69.891,-54.905],[-69.856,-54.91],[-69.876,-54.899],[-69.858,-54.89],[-69.797,-54.885],[-69.78,-54.928],[-69.751,-54.942],[-69.764,-54.948],[-69.74,-54.955],[-69.754,-54.991],[-69.738,-54.962],[-69.684,-54.963],[-69.709,-54.967],[-69.677,-54.978],[-69.663,-54.966],[-69.731,-54.935],[-69.657,-54.943],[-69.762,-54.899],[-69.745,-54.881]]],[[[-71.327,-54.817],[-71.213,-54.847],[-71.176,-54.843],[-71.202,-54.817],[-71.14,-54.827],[-71.144,-54.867],[-71.121,-54.842],[-71.096,-54.859],[-71.103,-54.878],[-70.987,-54.859],[-71.009,-54.887],[-70.999,-54.899],[-70.969,-54.877],[-70.936,-54.911],[-71.007,-54.91],[-71.008,-54.923],[-70.914,-54.922],[-70.949,-54.937],[-71.04,-54.923],[-71.034,-54.947],[-71.076,-54.94],[-71.085,-54.955],[-71.118,-54.945],[-71.131,-54.928],[-71.116,-54.921],[-71.146,-54.935],[-71.182,-54.925],[-71.089,-54.9],[-71.147,-54.898],[-71.23,-54.903],[-71.213,-54.866],[-71.19,-54.859],[-71.242,-54.858],[-71.272,-54.883],[-71.303,-54.846],[-71.293,-54.884],[-71.34,-54.883],[-71.307,-54.907],[-71.344,-54.921],[-71.325,-54.932],[-71.34,-54.949],[-71.381,-54.937],[-71.347,-54.891],[-71.373,-54.894],[-71.378,-54.872],[-71.393,-54.925],[-71.445,-54.935],[-71.423,-54.897],[-71.481,-54.865],[-71.4,-54.849],[-71.441,-54.835],[-71.395,-54.816],[-71.291,-54.835],[-71.327,-54.817]]],[[[-71.612,-54.698],[-71.557,-54.699],[-71.517,-54.736],[-71.563,-54.738],[-71.549,-54.752],[-71.591,-54.782],[-71.637,-54.776],[-71.6,-54.755],[-71.634,-54.752],[-71.645,-54.727],[-71.612,-54.698]]],[[[-72.087,-54.584],[-71.933,-54.663],[-71.942,-54.698],[-71.923,-54.677],[-71.893,-54.699],[-71.943,-54.733],[-71.987,-54.735],[-71.976,-54.715],[-71.95,-54.716],[-72.002,-54.703],[-71.974,-54.696],[-71.983,-54.687],[-71.966,-54.682],[-71.994,-54.69],[-72.039,-54.655],[-72.043,-54.616],[-72.057,-54.668],[-72.074,-54.645],[-72.105,-54.652],[-72.061,-54.605],[-72.091,-54.603],[-72.087,-54.584]]],[[[-72.345,-54.394],[-72.252,-54.411],[-72.283,-54.435],[-72.243,-54.43],[-72.219,-54.458],[-72.255,-54.471],[-72.307,-54.432],[-72.285,-54.473],[-72.344,-54.454],[-72.365,-54.417],[-72.345,-54.394]]],[[[-72.122,-54.387],[-72.073,-54.417],[-72.078,-54.438],[-72.057,-54.453],[-72.12,-54.436],[-72.099,-54.413],[-72.14,-54.415],[-72.137,-54.432],[-72.183,-54.425],[-72.152,-54.4],[-72.21,-54.412],[-72.211,-54.39],[-72.234,-54.382],[-72.196,-54.368],[-72.149,-54.393],[-72.122,-54.387]]],[[[-71.694,-54.274],[-71.65,-54.306],[-71.672,-54.322],[-71.637,-54.316],[-71.645,-54.302],[-71.601,-54.326],[-71.644,-54.316],[-71.676,-54.328],[-71.759,-54.307],[-71.757,-54.284],[-71.694,-54.274]]],[[[-72.217,-54.214],[-72.184,-54.217],[-72.176,-54.277],[-72.172,-54.264],[-72.153,-54.277],[-72.183,-54.295],[-72.215,-54.293],[-72.204,-54.273],[-72.246,-54.271],[-72.213,-54.24],[-72.245,-54.238],[-72.217,-54.214]]],[[[-73.392,-54.01],[-73.243,-54.045],[-73.237,-54.102],[-73.21,-54.069],[-73.193,-54.072],[-73.196,-54.106],[-73.225,-54.102],[-73.203,-54.109],[-73.211,-54.136],[-73.239,-54.123],[-73.255,-54.12],[-73.27,-54.149],[-73.309,-54.143],[-73.354,-54.126],[-73.309,-54.115],[-73.348,-54.104],[-73.346,-54.079],[-73.419,-54.096],[-73.417,-54.083],[-73.493,-54.079],[-73.455,-54.07],[-73.443,-54.048],[-73.415,-54.052],[-73.436,-54.036],[-73.392,-54.01]]],[[[-70.339,-54.046],[-70.3,-54.05],[-70.28,-54.083],[-70.309,-54.115],[-70.307,-54.146],[-70.34,-54.157],[-70.422,-54.14],[-70.493,-54.089],[-70.499,-54.064],[-70.414,-54.082],[-70.339,-54.046]]],[[[-71.606,-53.939],[-71.56,-53.943],[-71.601,-53.952],[-71.535,-53.944],[-71.536,-53.974],[-71.522,-53.96],[-71.495,-53.988],[-71.502,-54.009],[-71.484,-53.985],[-71.509,-53.95],[-71.44,-53.95],[-71.432,-53.979],[-71.481,-54.002],[-71.413,-53.997],[-71.398,-54.04],[-71.429,-54.05],[-71.395,-54.057],[-71.403,-54.093],[-71.363,-54.038],[-71.391,-53.971],[-71.272,-54.0],[-71.274,-54.055],[-71.241,-54.091],[-71.298,-54.11],[-71.244,-54.106],[-71.24,-54.13],[-71.211,-54.119],[-71.222,-54.167],[-71.205,-54.16],[-71.206,-54.212],[-71.192,-54.203],[-71.207,-54.179],[-71.188,-54.178],[-71.19,-54.105],[-71.146,-54.087],[-71.151,-54.14],[-71.12,-54.163],[-71.119,-54.093],[-71.079,-54.059],[-71.052,-54.065],[-71.056,-54.084],[-71.002,-54.09],[-70.992,-54.121],[-71.013,-54.124],[-70.989,-54.141],[-71.014,-54.166],[-71.033,-54.153],[-71.02,-54.172],[-71.039,-54.202],[-71.077,-54.204],[-71.042,-54.222],[-70.972,-54.164],[-70.974,-54.242],[-71.037,-54.243],[-70.973,-54.268],[-70.98,-54.294],[-71.003,-54.308],[-71.049,-54.298],[-71.016,-54.331],[-71.036,-54.345],[-71.143,-54.301],[-71.12,-54.332],[-71.059,-54.354],[-71.109,-54.4],[-71.146,-54.399],[-71.137,-54.367],[-71.153,-54.369],[-71.168,-54.333],[-71.163,-54.374],[-71.229,-54.36],[-71.297,-54.331],[-71.3,-54.314],[-71.358,-54.317],[-71.367,-54.3],[-71.299,-54.285],[-71.305,-54.313],[-71.279,-54.279],[-71.204,-54.292],[-71.241,-54.276],[-71.235,-54.253],[-71.17,-54.244],[-71.213,-54.238],[-71.211,-54.21],[-71.247,-54.207],[-71.226,-54.238],[-71.264,-54.259],[-71.331,-54.266],[-71.321,-54.23],[-71.338,-54.216],[-71.345,-54.256],[-71.372,-54.263],[-71.454,-54.208],[-71.443,-54.173],[-71.413,-54.178],[-71.43,-54.164],[-71.365,-54.142],[-71.414,-54.155],[-71.384,-54.122],[-71.4,-54.115],[-71.44,-54.153],[-71.534,-54.127],[-71.456,-54.155],[-71.478,-54.192],[-71.521,-54.185],[-71.494,-54.186],[-71.511,-54.198],[-71.481,-54.212],[-71.482,-54.257],[-71.462,-54.23],[-71.395,-54.263],[-71.396,-54.288],[-71.429,-54.282],[-71.387,-54.329],[-71.409,-54.34],[-71.514,-54.323],[-71.499,-54.311],[-71.507,-54.231],[-71.492,-54.226],[-71.512,-54.219],[-71.531,-54.284],[-71.552,-54.27],[-71.553,-54.245],[-71.58,-54.263],[-71.599,-54.221],[-71.587,-54.202],[-71.522,-54.186],[-71.6,-54.194],[-71.613,-54.227],[-71.597,-54.245],[-71.671,-54.232],[-71.705,-54.151],[-71.565,-54.085],[-71.605,-54.091],[-71.635,-54.067],[-71.611,-54.068],[-71.654,-54.015],[-71.648,-53.98],[-71.606,-53.939]]],[[[-72.839,-53.891],[-72.803,-53.896],[-72.818,-53.937],[-72.888,-53.961],[-72.926,-53.943],[-72.861,-53.932],[-72.897,-53.916],[-72.839,-53.891]]],[[[-71.92,-53.845],[-71.861,-53.858],[-71.878,-53.881],[-71.828,-53.901],[-71.816,-53.927],[-71.848,-53.932],[-71.819,-53.949],[-71.85,-53.981],[-71.817,-53.981],[-71.803,-53.953],[-71.821,-53.94],[-71.782,-53.929],[-71.791,-53.886],[-71.75,-53.903],[-71.757,-53.926],[-71.732,-53.896],[-71.676,-53.916],[-71.68,-53.931],[-71.65,-53.925],[-71.666,-53.963],[-71.686,-53.946],[-71.679,-53.965],[-71.7,-53.986],[-71.761,-53.983],[-71.744,-54.0],[-71.69,-54.0],[-71.693,-54.056],[-71.767,-54.048],[-71.703,-54.062],[-71.736,-54.1],[-71.663,-54.059],[-71.613,-54.092],[-71.689,-54.118],[-71.748,-54.171],[-71.749,-54.156],[-71.808,-54.144],[-71.828,-54.104],[-71.857,-54.105],[-71.848,-54.076],[-71.87,-54.093],[-71.918,-54.059],[-71.912,-54.012],[-71.917,-54.036],[-71.952,-54.044],[-71.91,-54.072],[-71.925,-54.095],[-71.879,-54.101],[-71.918,-54.131],[-71.857,-54.126],[-71.875,-54.15],[-71.835,-54.146],[-71.817,-54.162],[-71.829,-54.167],[-71.763,-54.207],[-71.784,-54.212],[-71.754,-54.213],[-71.729,-54.24],[-71.751,-54.27],[-71.791,-54.277],[-71.793,-54.262],[-71.851,-54.25],[-71.804,-54.273],[-71.897,-54.287],[-71.822,-54.289],[-71.832,-54.316],[-71.857,-54.298],[-71.848,-54.321],[-71.788,-54.336],[-71.884,-54.345],[-71.917,-54.337],[-71.904,-54.316],[-71.927,-54.338],[-71.971,-54.335],[-71.931,-54.287],[-71.943,-54.253],[-71.874,-54.239],[-71.891,-54.223],[-71.934,-54.24],[-71.958,-54.222],[-71.965,-54.237],[-72.006,-54.223],[-71.932,-54.212],[-72.024,-54.212],[-71.972,-54.21],[-71.994,-54.2],[-72.144,-54.203],[-72.136,-54.177],[-72.152,-54.163],[-72.001,-54.137],[-72.166,-54.123],[-72.13,-54.103],[-72.05,-54.103],[-72.087,-54.095],[-72.115,-54.04],[-72.141,-54.04],[-72.134,-54.061],[-72.149,-54.084],[-72.175,-54.08],[-72.188,-54.108],[-72.259,-54.089],[-72.219,-54.108],[-72.217,-54.14],[-72.228,-54.155],[-72.258,-54.143],[-72.268,-54.171],[-72.245,-54.18],[-72.261,-54.201],[-72.335,-54.205],[-72.302,-54.235],[-72.317,-54.266],[-72.42,-54.25],[-72.333,-54.277],[-72.371,-54.289],[-72.363,-54.311],[-72.4,-54.315],[-72.367,-54.329],[-72.39,-54.333],[-72.294,-54.336],[-72.302,-54.359],[-72.328,-54.374],[-72.373,-54.349],[-72.339,-54.377],[-72.397,-54.389],[-72.387,-54.378],[-72.403,-54.362],[-72.44,-54.365],[-72.427,-54.383],[-72.448,-54.393],[-72.421,-54.397],[-72.458,-54.414],[-72.45,-54.441],[-72.505,-54.424],[-72.482,-54.401],[-72.538,-54.386],[-72.529,-54.366],[-72.547,-54.348],[-72.494,-54.369],[-72.509,-54.346],[-72.408,-54.348],[-72.429,-54.325],[-72.385,-54.309],[-72.397,-54.285],[-72.383,-54.272],[-72.406,-54.288],[-72.417,-54.258],[-72.44,-54.282],[-72.479,-54.276],[-72.45,-54.299],[-72.472,-54.335],[-72.507,-54.321],[-72.476,-54.313],[-72.494,-54.284],[-72.511,-54.286],[-72.492,-54.298],[-72.529,-54.301],[-72.603,-54.265],[-72.559,-54.217],[-72.515,-54.224],[-72.514,-54.179],[-72.371,-54.168],[-72.343,-54.149],[-72.431,-54.159],[-72.424,-54.127],[-72.337,-54.104],[-72.303,-54.118],[-72.296,-54.098],[-72.307,-54.113],[-72.346,-54.094],[-72.394,-54.111],[-72.426,-54.093],[-72.375,-54.087],[-72.34,-54.058],[-72.276,-54.083],[-72.221,-54.066],[-72.234,-54.044],[-72.218,-54.035],[-72.244,-54.026],[-72.177,-53.979],[-72.255,-54.005],[-72.278,-53.985],[-72.286,-53.918],[-72.22,-53.912],[-72.19,-53.934],[-72.127,-53.938],[-72.106,-53.973],[-71.999,-54.023],[-72.113,-53.941],[-71.971,-53.982],[-72.069,-53.947],[-72.035,-53.919],[-72.036,-53.896],[-72.012,-53.899],[-72.015,-53.914],[-71.984,-53.888],[-71.947,-53.909],[-71.987,-53.864],[-71.92,-53.845]]],[[[-73.293,-53.81],[-73.072,-53.828],[-73.085,-53.841],[-73.069,-53.846],[-73.097,-53.852],[-73.068,-53.855],[-73.082,-53.906],[-73.097,-53.889],[-73.216,-53.908],[-73.19,-53.895],[-73.233,-53.884],[-73.172,-53.882],[-73.201,-53.867],[-73.158,-53.872],[-73.199,-53.857],[-73.167,-53.839],[-73.282,-53.868],[-73.268,-53.851],[-73.31,-53.86],[-73.279,-53.838],[-73.182,-53.83],[-73.286,-53.83],[-73.307,-53.821],[-73.293,-53.81]]],[[[-72.091,-53.821],[-72.047,-53.834],[-72.08,-53.876],[-72.058,-53.886],[-72.098,-53.878],[-72.07,-53.896],[-72.102,-53.921],[-72.216,-53.88],[-72.151,-53.828],[-72.091,-53.821]]],[[[-73.089,-53.711],[-72.874,-53.747],[-72.908,-53.767],[-72.977,-53.765],[-72.963,-53.775],[-73.013,-53.791],[-73.105,-53.784],[-73.113,-53.768],[-73.091,-53.758],[-73.083,-53.741],[-73.011,-53.753],[-73.066,-53.738],[-73.062,-53.722],[-73.026,-53.728],[-73.068,-53.714],[-73.078,-53.727],[-73.089,-53.711]]],[[[-73.406,-53.592],[-73.306,-53.615],[-73.251,-53.662],[-73.312,-53.662],[-73.284,-53.646],[-73.376,-53.605],[-73.351,-53.638],[-73.383,-53.619],[-73.44,-53.646],[-73.485,-53.638],[-73.428,-53.624],[-73.418,-53.612],[-73.465,-53.622],[-73.406,-53.592]]],[[[-72.43,-53.564],[-72.298,-53.604],[-72.323,-53.624],[-72.27,-53.625],[-72.25,-53.655],[-72.322,-53.671],[-72.408,-53.619],[-72.43,-53.564]]],[[[-70.478,-53.566],[-70.464,-53.579],[-70.482,-53.669],[-70.446,-53.783],[-70.411,-53.805],[-70.454,-53.8],[-70.42,-53.836],[-70.451,-53.839],[-70.416,-53.874],[-70.455,-53.88],[-70.361,-53.968],[-70.377,-53.99],[-70.352,-53.985],[-70.332,-54.019],[-70.37,-54.048],[-70.44,-54.053],[-70.413,-54.065],[-70.442,-54.06],[-70.669,-53.914],[-70.681,-53.928],[-70.662,-53.972],[-70.56,-54.039],[-70.545,-54.108],[-70.594,-54.107],[-70.513,-54.137],[-70.537,-54.144],[-70.521,-54.167],[-70.53,-54.206],[-70.48,-54.225],[-70.501,-54.187],[-70.523,-54.182],[-70.512,-54.138],[-70.36,-54.191],[-70.275,-54.199],[-70.263,-54.211],[-70.296,-54.244],[-70.244,-54.218],[-70.217,-54.237],[-70.253,-54.284],[-70.334,-54.281],[-70.498,-54.225],[-70.456,-54.255],[-70.492,-54.252],[-70.672,-54.202],[-70.841,-54.122],[-70.841,-54.108],[-70.791,-54.096],[-70.881,-54.06],[-70.87,-53.986],[-70.901,-53.934],[-70.887,-53.921],[-70.846,-53.935],[-70.908,-53.882],[-70.854,-53.868],[-70.85,-53.853],[-70.873,-53.847],[-70.847,-53.843],[-70.859,-53.835],[-70.783,-53.824],[-70.613,-53.87],[-70.601,-53.825],[-70.712,-53.776],[-70.698,-53.728],[-70.715,-53.698],[-70.597,-53.65],[-70.542,-53.601],[-70.535,-53.568],[-70.478,-53.566]]],[[[-73.839,-53.47],[-73.794,-53.51],[-73.771,-53.509],[-73.801,-53.523],[-73.749,-53.52],[-73.656,-53.567],[-73.704,-53.598],[-73.785,-53.547],[-73.782,-53.599],[-73.845,-53.611],[-73.859,-53.597],[-73.809,-53.568],[-73.835,-53.576],[-73.848,-53.557],[-73.896,-53.553],[-73.859,-53.538],[-73.801,-53.554],[-73.835,-53.537],[-73.794,-53.532],[-73.856,-53.498],[-73.826,-53.497],[-73.855,-53.485],[-73.859,-53.471],[-73.839,-53.47]]],[[[-73.573,-53.385],[-73.534,-53.407],[-73.543,-53.417],[-73.52,-53.41],[-73.493,-53.43],[-73.5,-53.416],[-73.481,-53.416],[-73.514,-53.404],[-73.475,-53.389],[-73.37,-53.418],[-73.431,-53.447],[-73.481,-53.5],[-73.515,-53.496],[-73.459,-53.509],[-73.466,-53.487],[-73.442,-53.472],[-73.372,-53.527],[-73.358,-53.545],[-73.38,-53.549],[-73.346,-53.557],[-73.404,-53.558],[-73.327,-53.581],[-73.359,-53.581],[-73.344,-53.595],[-73.362,-53.596],[-73.42,-53.573],[-73.436,-53.603],[-73.496,-53.609],[-73.482,-53.578],[-73.521,-53.546],[-73.518,-53.576],[-73.545,-53.562],[-73.641,-53.539],[-73.61,-53.568],[-73.626,-53.57],[-73.658,-53.554],[-73.664,-53.521],[-73.72,-53.524],[-73.749,-53.506],[-73.721,-53.511],[-73.73,-53.498],[-73.799,-53.479],[-73.762,-53.474],[-73.817,-53.437],[-73.791,-53.429],[-73.732,-53.454],[-73.7,-53.494],[-73.599,-53.518],[-73.62,-53.504],[-73.6,-53.503],[-73.456,-53.561],[-73.541,-53.515],[-73.526,-53.51],[-73.537,-53.498],[-73.578,-53.5],[-73.663,-53.461],[-73.52,-53.471],[-73.482,-53.454],[-73.565,-53.451],[-73.6,-53.436],[-73.588,-53.424],[-73.615,-53.425],[-73.575,-53.414],[-73.593,-53.389],[-73.573,-53.385]]],[[[-73.041,-53.376],[-73.042,-53.394],[-73.002,-53.391],[-73.046,-53.431],[-73.03,-53.434],[-73.042,-53.456],[-73.003,-53.414],[-72.995,-53.457],[-73.017,-53.478],[-72.987,-53.478],[-73.003,-53.494],[-72.975,-53.45],[-73.0,-53.408],[-72.987,-53.397],[-72.929,-53.421],[-72.951,-53.443],[-72.931,-53.43],[-72.904,-53.441],[-72.926,-53.448],[-72.898,-53.462],[-72.931,-53.49],[-72.914,-53.51],[-72.932,-53.537],[-72.899,-53.495],[-72.873,-53.492],[-72.851,-53.514],[-72.923,-53.552],[-72.85,-53.532],[-72.894,-53.571],[-72.862,-53.569],[-72.889,-53.622],[-72.869,-53.634],[-72.897,-53.627],[-72.923,-53.648],[-72.88,-53.638],[-72.856,-53.665],[-72.859,-53.613],[-72.811,-53.609],[-72.844,-53.597],[-72.838,-53.57],[-72.804,-53.559],[-72.855,-53.48],[-72.865,-53.451],[-72.851,-53.451],[-72.776,-53.476],[-72.776,-53.506],[-72.724,-53.509],[-72.741,-53.543],[-72.71,-53.554],[-72.734,-53.57],[-72.671,-53.595],[-72.717,-53.615],[-72.672,-53.625],[-72.677,-53.65],[-72.651,-53.638],[-72.655,-53.599],[-72.639,-53.588],[-72.678,-53.544],[-72.666,-53.524],[-72.629,-53.541],[-72.655,-53.551],[-72.642,-53.559],[-72.615,-53.548],[-72.561,-53.579],[-72.535,-53.565],[-72.46,-53.579],[-72.497,-53.589],[-72.449,-53.609],[-72.485,-53.635],[-72.422,-53.611],[-72.428,-53.622],[-72.384,-53.64],[-72.62,-53.671],[-72.636,-53.694],[-72.622,-53.723],[-72.524,-53.704],[-72.612,-53.716],[-72.626,-53.688],[-72.612,-53.703],[-72.599,-53.676],[-72.462,-53.675],[-72.45,-53.685],[-72.487,-53.696],[-72.438,-53.698],[-72.445,-53.721],[-72.485,-53.729],[-72.456,-53.726],[-72.46,-53.755],[-72.442,-53.73],[-72.414,-53.726],[-72.43,-53.689],[-72.412,-53.7],[-72.387,-53.678],[-72.344,-53.686],[-72.355,-53.717],[-72.309,-53.702],[-72.235,-53.728],[-72.354,-53.756],[-72.224,-53.745],[-72.149,-53.795],[-72.21,-53.816],[-72.293,-53.805],[-72.195,-53.827],[-72.225,-53.859],[-72.313,-53.85],[-72.37,-53.808],[-72.361,-53.834],[-72.476,-53.832],[-72.351,-53.852],[-72.371,-53.867],[-72.338,-53.899],[-72.36,-53.909],[-72.333,-53.925],[-72.358,-53.932],[-72.382,-53.903],[-72.473,-53.89],[-72.416,-53.906],[-72.422,-53.938],[-72.388,-53.931],[-72.36,-53.953],[-72.392,-53.964],[-72.45,-53.946],[-72.448,-53.96],[-72.478,-53.961],[-72.378,-53.971],[-72.378,-54.003],[-72.355,-53.985],[-72.337,-54.034],[-72.366,-54.057],[-72.408,-54.035],[-72.421,-54.054],[-72.476,-54.066],[-72.505,-54.036],[-72.486,-54.026],[-72.512,-54.031],[-72.524,-54.014],[-72.507,-54.008],[-72.549,-53.994],[-72.56,-54.001],[-72.536,-54.022],[-72.566,-54.034],[-72.529,-54.046],[-72.529,-54.095],[-72.545,-54.077],[-72.55,-54.11],[-72.601,-54.101],[-72.604,-54.083],[-72.609,-54.1],[-72.614,-54.085],[-72.629,-54.097],[-72.588,-54.038],[-72.601,-54.035],[-72.67,-54.091],[-72.627,-54.019],[-72.652,-54.021],[-72.686,-54.092],[-72.758,-54.095],[-72.706,-54.101],[-72.726,-54.118],[-72.78,-54.117],[-72.815,-54.095],[-72.809,-54.115],[-72.844,-54.12],[-72.826,-54.136],[-72.864,-54.141],[-72.862,-54.129],[-72.965,-54.125],[-72.881,-54.116],[-72.927,-54.109],[-72.881,-54.101],[-72.869,-54.091],[-72.888,-54.086],[-72.985,-54.108],[-73.016,-54.103],[-73.009,-54.089],[-73.03,-54.105],[-73.076,-54.091],[-73.039,-54.071],[-72.843,-54.075],[-72.969,-54.053],[-72.948,-54.045],[-72.979,-54.042],[-72.969,-54.025],[-72.922,-54.045],[-72.78,-54.04],[-72.778,-54.061],[-72.758,-54.064],[-72.755,-54.045],[-72.782,-54.049],[-72.755,-54.036],[-72.814,-54.032],[-72.791,-54.018],[-72.87,-54.022],[-72.778,-53.998],[-72.829,-54.005],[-72.808,-53.989],[-72.849,-53.994],[-72.878,-53.976],[-72.808,-53.955],[-72.696,-53.983],[-72.766,-53.957],[-72.767,-53.94],[-72.805,-53.943],[-72.72,-53.891],[-72.659,-53.892],[-72.653,-53.873],[-72.69,-53.882],[-72.705,-53.857],[-72.705,-53.878],[-72.795,-53.916],[-72.799,-53.891],[-72.772,-53.884],[-72.781,-53.868],[-72.715,-53.839],[-72.754,-53.853],[-72.753,-53.835],[-72.796,-53.872],[-72.853,-53.884],[-72.815,-53.823],[-72.792,-53.821],[-72.806,-53.814],[-72.731,-53.76],[-72.762,-53.765],[-72.807,-53.805],[-72.834,-53.761],[-72.854,-53.787],[-72.833,-53.807],[-72.895,-53.809],[-72.837,-53.816],[-72.908,-53.899],[-72.969,-53.896],[-72.94,-53.866],[-73.013,-53.91],[-73.044,-53.909],[-73.047,-53.88],[-72.999,-53.865],[-73.041,-53.867],[-72.972,-53.86],[-73.021,-53.851],[-72.913,-53.84],[-73.02,-53.836],[-73.007,-53.815],[-73.062,-53.824],[-73.017,-53.799],[-72.934,-53.803],[-72.993,-53.79],[-72.884,-53.768],[-72.868,-53.743],[-72.802,-53.746],[-72.843,-53.738],[-72.813,-53.705],[-72.844,-53.702],[-72.855,-53.733],[-72.85,-53.71],[-72.875,-53.707],[-72.858,-53.721],[-72.867,-53.734],[-73.147,-53.683],[-73.123,-53.693],[-73.132,-53.706],[-73.214,-53.727],[-73.174,-53.706],[-73.165,-53.686],[-73.18,-53.671],[-72.953,-53.67],[-72.929,-53.623],[-72.948,-53.632],[-72.975,-53.614],[-72.967,-53.647],[-73.009,-53.651],[-72.996,-53.631],[-73.096,-53.652],[-72.998,-53.584],[-72.997,-53.571],[-73.026,-53.578],[-73.015,-53.567],[-73.112,-53.645],[-73.151,-53.643],[-73.127,-53.618],[-73.186,-53.639],[-73.221,-53.637],[-73.213,-53.621],[-73.246,-53.633],[-73.224,-53.603],[-73.257,-53.616],[-73.27,-53.587],[-73.211,-53.563],[-73.288,-53.569],[-73.282,-53.558],[-73.319,-53.562],[-73.34,-53.539],[-73.349,-53.549],[-73.433,-53.465],[-73.296,-53.476],[-73.226,-53.504],[-73.251,-53.517],[-73.229,-53.535],[-73.216,-53.511],[-73.168,-53.509],[-73.218,-53.492],[-73.187,-53.479],[-73.163,-53.501],[-73.142,-53.491],[-73.096,-53.525],[-73.033,-53.538],[-73.128,-53.485],[-73.111,-53.479],[-73.122,-53.461],[-73.096,-53.457],[-73.132,-53.456],[-73.111,-53.439],[-73.159,-53.423],[-73.114,-53.405],[-73.171,-53.4],[-73.041,-53.376]]],[[[-74.095,-53.253],[-74.056,-53.27],[-74.072,-53.29],[-74.114,-53.286],[-74.097,-53.322],[-74.134,-53.324],[-74.147,-53.341],[-74.198,-53.355],[-74.28,-53.325],[-74.095,-53.253]]],[[[-73.981,-53.137],[-73.952,-53.162],[-73.969,-53.174],[-73.956,-53.192],[-73.991,-53.202],[-74.007,-53.183],[-74.028,-53.169],[-74.021,-53.194],[-74.042,-53.199],[-74.072,-53.157],[-73.981,-53.137]]],[[[-73.888,-53.109],[-73.845,-53.126],[-73.829,-53.168],[-73.754,-53.222],[-73.781,-53.219],[-73.768,-53.245],[-73.792,-53.233],[-73.783,-53.252],[-73.837,-53.218],[-73.837,-53.197],[-73.898,-53.146],[-73.876,-53.178],[-73.902,-53.185],[-73.971,-53.125],[-73.888,-53.109]]],[[[-73.591,-52.837],[-73.578,-52.855],[-73.412,-52.899],[-73.429,-52.88],[-73.388,-52.888],[-73.339,-52.941],[-73.376,-52.953],[-73.365,-52.967],[-73.477,-52.958],[-73.497,-52.946],[-73.474,-52.934],[-73.487,-52.928],[-73.411,-52.936],[-73.468,-52.906],[-73.505,-52.902],[-73.52,-52.918],[-73.51,-52.895],[-73.549,-52.886],[-73.536,-52.918],[-73.608,-52.89],[-73.624,-52.899],[-73.612,-52.911],[-73.652,-52.921],[-73.709,-52.905],[-73.721,-52.915],[-73.706,-52.922],[-73.773,-52.93],[-73.799,-52.925],[-73.793,-52.914],[-73.769,-52.9],[-73.731,-52.916],[-73.743,-52.904],[-73.729,-52.887],[-73.755,-52.882],[-73.736,-52.867],[-73.647,-52.881],[-73.69,-52.862],[-73.674,-52.858],[-73.565,-52.889],[-73.627,-52.851],[-73.591,-52.837]]],[[[-74.694,-52.717],[-74.661,-52.722],[-74.594,-52.788],[-74.582,-52.771],[-74.536,-52.793],[-74.548,-52.807],[-74.504,-52.798],[-74.429,-52.83],[-74.511,-52.855],[-74.417,-52.845],[-74.405,-52.858],[-74.481,-52.868],[-74.459,-52.886],[-74.411,-52.871],[-74.409,-52.901],[-74.406,-52.883],[-74.394,-52.894],[-74.368,-52.876],[-74.361,-52.893],[-74.381,-52.895],[-74.366,-52.909],[-74.412,-52.932],[-74.394,-52.951],[-74.363,-52.938],[-74.324,-52.981],[-74.345,-52.939],[-74.329,-52.927],[-74.254,-52.96],[-74.27,-52.984],[-74.253,-52.992],[-74.235,-52.973],[-74.239,-52.941],[-74.21,-52.984],[-74.204,-52.955],[-74.176,-52.959],[-74.149,-52.987],[-74.175,-52.994],[-74.167,-53.005],[-74.093,-53.006],[-74.117,-52.988],[-74.089,-52.994],[-74.092,-52.973],[-74.144,-52.954],[-74.125,-52.941],[-74.104,-52.968],[-74.072,-52.958],[-74.039,-52.976],[-74.078,-52.98],[-74.044,-52.985],[-74.051,-52.998],[-74.018,-53.008],[-74.033,-52.987],[-74.015,-52.982],[-73.937,-52.999],[-73.925,-53.02],[-73.968,-53.011],[-73.927,-53.033],[-73.986,-53.029],[-73.912,-53.07],[-73.928,-53.052],[-73.91,-53.043],[-73.929,-53.04],[-73.894,-53.018],[-73.849,-53.03],[-73.843,-53.059],[-73.808,-53.078],[-73.817,-53.093],[-73.794,-53.09],[-73.824,-53.042],[-73.795,-53.057],[-73.801,-53.07],[-73.734,-53.069],[-73.745,-53.087],[-73.691,-53.098],[-73.656,-53.132],[-73.689,-53.126],[-73.645,-53.143],[-73.628,-53.182],[-73.635,-53.145],[-73.612,-53.159],[-73.603,-53.146],[-73.639,-53.137],[-73.651,-53.086],[-73.599,-53.081],[-73.597,-53.094],[-73.631,-53.097],[-73.587,-53.116],[-73.612,-53.125],[-73.557,-53.112],[-73.557,-53.15],[-73.53,-53.165],[-73.548,-53.193],[-73.586,-53.184],[-73.524,-53.24],[-73.531,-53.283],[-73.485,-53.287],[-73.508,-53.233],[-73.469,-53.254],[-73.431,-53.248],[-73.485,-53.235],[-73.455,-53.218],[-73.504,-53.222],[-73.485,-53.191],[-73.514,-53.183],[-73.489,-53.173],[-73.514,-53.156],[-73.477,-53.143],[-73.391,-53.181],[-73.457,-53.191],[-73.369,-53.194],[-73.434,-53.214],[-73.394,-53.224],[-73.42,-53.214],[-73.368,-53.204],[-73.344,-53.217],[-73.369,-53.223],[-73.314,-53.237],[-73.311,-53.25],[-73.344,-53.241],[-73.316,-53.264],[-73.34,-53.276],[-73.395,-53.26],[-73.359,-53.276],[-73.377,-53.283],[-73.335,-53.282],[-73.287,-53.268],[-73.267,-53.283],[-73.282,-53.295],[-73.175,-53.311],[-73.228,-53.334],[-73.182,-53.326],[-73.096,-53.349],[-73.095,-53.374],[-73.23,-53.38],[-73.27,-53.35],[-73.305,-53.363],[-73.406,-53.315],[-73.437,-53.352],[-73.609,-53.337],[-73.586,-53.319],[-73.624,-53.297],[-73.479,-53.324],[-73.462,-53.313],[-73.603,-53.282],[-73.614,-53.256],[-73.592,-53.265],[-73.607,-53.242],[-73.567,-53.239],[-73.609,-53.23],[-73.622,-53.192],[-73.619,-53.23],[-73.64,-53.225],[-73.714,-53.146],[-73.732,-53.16],[-73.701,-53.186],[-73.753,-53.197],[-73.759,-53.186],[-73.716,-53.174],[-73.772,-53.177],[-73.787,-53.141],[-73.771,-53.131],[-73.794,-53.102],[-73.793,-53.132],[-73.824,-53.117],[-73.79,-53.137],[-73.804,-53.141],[-73.782,-53.178],[-73.797,-53.175],[-73.85,-53.094],[-73.893,-53.072],[-73.897,-53.106],[-73.941,-53.094],[-73.968,-53.107],[-74.106,-53.057],[-73.983,-53.108],[-74.004,-53.113],[-73.999,-53.126],[-74.076,-53.14],[-74.065,-53.133],[-74.09,-53.127],[-74.103,-53.097],[-74.108,-53.131],[-74.138,-53.088],[-74.128,-53.128],[-74.148,-53.103],[-74.168,-53.103],[-74.153,-53.127],[-74.189,-53.119],[-74.194,-53.078],[-74.246,-53.035],[-74.214,-53.089],[-74.229,-53.142],[-74.262,-53.143],[-74.239,-53.124],[-74.262,-53.126],[-74.272,-53.092],[-74.276,-53.123],[-74.32,-53.126],[-74.305,-53.12],[-74.336,-53.09],[-74.299,-53.055],[-74.33,-53.046],[-74.326,-53.023],[-74.344,-53.05],[-74.33,-53.065],[-74.365,-53.082],[-74.364,-53.06],[-74.41,-53.045],[-74.385,-53.031],[-74.411,-53.029],[-74.421,-53.006],[-74.407,-52.999],[-74.433,-53.006],[-74.445,-52.989],[-74.463,-53.007],[-74.466,-52.981],[-74.494,-52.99],[-74.52,-52.969],[-74.476,-52.913],[-74.52,-52.913],[-74.501,-52.944],[-74.542,-52.963],[-74.582,-52.952],[-74.62,-52.912],[-74.572,-52.898],[-74.651,-52.867],[-74.638,-52.842],[-74.586,-52.853],[-74.614,-52.868],[-74.545,-52.867],[-74.579,-52.863],[-74.598,-52.84],[-74.584,-52.834],[-74.679,-52.826],[-74.687,-52.814],[-74.622,-52.812],[-74.714,-52.799],[-74.692,-52.785],[-74.724,-52.778],[-74.733,-52.732],[-74.672,-52.741],[-74.694,-52.717]]],[[[-70.618,-52.838],[-70.728,-52.909],[-70.783,-52.912],[-70.779,-52.887],[-70.618,-52.838]]],[[[-72.404,-52.722],[-72.37,-52.735],[-72.381,-52.763],[-72.462,-52.791],[-72.502,-52.763],[-72.479,-52.777],[-72.483,-52.744],[-72.404,-52.722]]],[[[-71.479,-52.646],[-71.395,-52.722],[-71.402,-52.746],[-71.434,-52.742],[-71.397,-52.781],[-71.402,-52.802],[-71.388,-52.796],[-71.41,-52.834],[-71.487,-52.837],[-71.572,-52.889],[-71.617,-52.893],[-71.86,-53.002],[-71.909,-53.003],[-71.945,-53.061],[-71.963,-53.058],[-71.959,-53.077],[-71.979,-53.077],[-71.981,-53.101],[-72.024,-53.109],[-72.005,-53.12],[-72.024,-53.132],[-72.13,-53.146],[-72.237,-53.061],[-72.356,-53.037],[-72.245,-53.086],[-72.236,-53.099],[-72.29,-53.094],[-72.233,-53.107],[-72.234,-53.126],[-72.295,-53.103],[-72.302,-53.071],[-72.298,-53.085],[-72.362,-53.072],[-72.403,-53.041],[-72.405,-53.068],[-72.56,-53.085],[-72.604,-53.074],[-72.564,-53.092],[-72.495,-53.074],[-72.441,-53.094],[-72.383,-53.086],[-72.327,-53.12],[-72.352,-53.135],[-72.271,-53.16],[-72.258,-53.148],[-72.274,-53.141],[-72.246,-53.145],[-72.253,-53.16],[-72.204,-53.195],[-72.278,-53.215],[-72.367,-53.18],[-72.405,-53.203],[-72.353,-53.2],[-72.318,-53.224],[-72.361,-53.241],[-72.432,-53.227],[-72.422,-53.214],[-72.443,-53.192],[-72.521,-53.188],[-72.449,-53.239],[-72.543,-53.217],[-72.531,-53.196],[-72.621,-53.2],[-72.421,-53.259],[-72.482,-53.309],[-72.528,-53.27],[-72.558,-53.272],[-72.534,-53.272],[-72.521,-53.301],[-72.536,-53.322],[-72.507,-53.353],[-72.543,-53.378],[-72.611,-53.38],[-72.644,-53.346],[-72.678,-53.347],[-72.623,-53.384],[-72.634,-53.39],[-72.581,-53.4],[-72.602,-53.434],[-72.555,-53.394],[-72.519,-53.403],[-72.391,-53.534],[-72.556,-53.539],[-72.533,-53.499],[-72.577,-53.52],[-72.594,-53.51],[-72.578,-53.508],[-72.586,-53.496],[-72.654,-53.485],[-72.6,-53.462],[-72.66,-53.481],[-72.683,-53.471],[-72.665,-53.465],[-72.72,-53.462],[-72.758,-53.435],[-72.762,-53.398],[-72.784,-53.403],[-72.782,-53.436],[-72.795,-53.435],[-72.819,-53.406],[-72.798,-53.398],[-72.815,-53.384],[-72.804,-53.375],[-72.819,-53.398],[-72.908,-53.385],[-72.877,-53.354],[-72.931,-53.367],[-72.98,-53.335],[-72.967,-53.321],[-73.006,-53.313],[-73.049,-53.283],[-73.038,-53.309],[-73.068,-53.287],[-73.156,-53.274],[-73.177,-53.261],[-73.161,-53.235],[-73.193,-53.255],[-73.259,-53.209],[-73.203,-53.221],[-73.313,-53.165],[-73.298,-53.156],[-73.246,-53.173],[-73.26,-53.181],[-73.129,-53.189],[-73.158,-53.197],[-73.133,-53.194],[-73.123,-53.213],[-73.119,-53.192],[-73.085,-53.176],[-73.041,-53.176],[-73.023,-53.199],[-73.014,-53.17],[-72.967,-53.187],[-72.969,-53.203],[-72.967,-53.173],[-72.939,-53.174],[-72.905,-53.191],[-72.926,-53.214],[-72.884,-53.198],[-72.851,-53.211],[-72.851,-53.227],[-72.826,-53.216],[-72.753,-53.243],[-72.753,-53.262],[-72.772,-53.26],[-72.75,-53.294],[-72.767,-53.312],[-72.75,-53.314],[-72.739,-53.296],[-72.715,-53.303],[-72.734,-53.262],[-72.684,-53.259],[-72.854,-53.19],[-72.81,-53.182],[-72.717,-53.208],[-72.758,-53.187],[-72.736,-53.187],[-72.75,-53.164],[-72.805,-53.164],[-72.774,-53.159],[-72.787,-53.147],[-72.659,-53.166],[-72.679,-53.141],[-72.732,-53.15],[-72.705,-53.148],[-72.733,-53.11],[-72.739,-53.139],[-72.788,-53.135],[-72.791,-53.112],[-72.854,-53.158],[-72.941,-53.107],[-72.973,-53.109],[-72.927,-53.106],[-72.912,-53.077],[-72.847,-53.037],[-72.92,-53.053],[-72.946,-53.017],[-72.915,-53.003],[-72.963,-52.939],[-72.904,-52.922],[-73.01,-52.855],[-72.905,-52.845],[-72.783,-52.785],[-72.819,-52.822],[-72.802,-52.826],[-72.682,-52.723],[-72.651,-52.737],[-72.651,-52.758],[-72.629,-52.748],[-72.603,-52.771],[-72.616,-52.811],[-72.72,-52.869],[-72.718,-52.905],[-72.694,-52.907],[-72.68,-52.864],[-72.576,-52.804],[-72.535,-52.801],[-72.53,-52.82],[-72.549,-52.816],[-72.639,-52.878],[-72.552,-52.827],[-72.601,-52.868],[-72.488,-52.825],[-72.464,-52.833],[-72.44,-52.886],[-72.421,-52.881],[-72.443,-52.86],[-72.432,-52.821],[-72.298,-52.759],[-72.254,-52.713],[-72.202,-52.703],[-72.165,-52.648],[-72.13,-52.67],[-72.089,-52.657],[-72.048,-52.683],[-72.0,-52.666],[-71.999,-52.646],[-71.967,-52.648],[-71.919,-52.687],[-71.777,-52.703],[-71.668,-52.697],[-71.479,-52.646]]],[[[-73.726,-52.42],[-73.648,-52.493],[-73.675,-52.49],[-73.664,-52.506],[-73.685,-52.512],[-73.725,-52.505],[-73.691,-52.529],[-73.725,-52.559],[-73.694,-52.585],[-73.803,-52.546],[-73.752,-52.585],[-73.776,-52.594],[-73.749,-52.585],[-73.723,-52.607],[-73.743,-52.583],[-73.701,-52.591],[-73.731,-52.662],[-73.794,-52.681],[-73.772,-52.688],[-73.809,-52.701],[-73.796,-52.709],[-73.755,-52.686],[-73.796,-52.722],[-73.846,-52.721],[-73.834,-52.702],[-73.865,-52.708],[-73.833,-52.728],[-73.886,-52.734],[-73.903,-52.753],[-73.939,-52.73],[-73.937,-52.706],[-73.862,-52.67],[-73.905,-52.68],[-73.814,-52.598],[-73.933,-52.67],[-73.951,-52.682],[-73.966,-52.666],[-73.842,-52.57],[-73.905,-52.599],[-73.896,-52.576],[-73.971,-52.626],[-73.981,-52.598],[-73.987,-52.616],[-73.968,-52.628],[-74.008,-52.637],[-73.999,-52.651],[-74.044,-52.631],[-74.072,-52.647],[-74.021,-52.612],[-74.033,-52.591],[-73.982,-52.578],[-73.998,-52.559],[-73.962,-52.563],[-73.951,-52.547],[-73.977,-52.554],[-73.999,-52.533],[-73.895,-52.492],[-73.928,-52.532],[-73.869,-52.514],[-73.884,-52.54],[-73.84,-52.533],[-73.875,-52.507],[-73.814,-52.473],[-73.841,-52.452],[-73.807,-52.438],[-73.772,-52.456],[-73.783,-52.443],[-73.76,-52.44],[-73.787,-52.433],[-73.726,-52.42]]],[[[-73.883,-52.405],[-73.844,-52.429],[-73.851,-52.456],[-73.866,-52.448],[-73.917,-52.483],[-73.966,-52.477],[-73.951,-52.468],[-73.983,-52.47],[-73.954,-52.439],[-73.883,-52.405]]],[[[-74.634,-52.34],[-74.579,-52.369],[-74.623,-52.395],[-74.64,-52.379],[-74.657,-52.397],[-74.702,-52.375],[-74.634,-52.34]]],[[[-70.705,-54.352],[-70.663,-54.363],[-70.669,-54.344],[-70.649,-54.337],[-70.575,-54.355],[-70.678,-54.441],[-70.708,-54.435],[-70.707,-54.456],[-70.683,-54.462],[-70.783,-54.58],[-70.755,-54.577],[-70.766,-54.623],[-70.717,-54.551],[-70.666,-54.586],[-70.671,-54.606],[-70.621,-54.607],[-70.706,-54.537],[-70.676,-54.53],[-70.691,-54.519],[-70.644,-54.447],[-70.558,-54.402],[-70.435,-54.476],[-70.467,-54.483],[-70.331,-54.509],[-70.355,-54.516],[-70.234,-54.588],[-70.19,-54.584],[-70.269,-54.558],[-70.307,-54.527],[-70.301,-54.502],[-70.141,-54.56],[-70.104,-54.558],[-70.201,-54.522],[-70.175,-54.515],[-70.407,-54.452],[-70.454,-54.416],[-70.434,-54.394],[-70.511,-54.391],[-70.513,-54.356],[-70.489,-54.348],[-70.527,-54.302],[-70.873,-54.256],[-70.914,-54.17],[-70.858,-54.167],[-70.942,-54.12],[-70.829,-54.142],[-70.502,-54.284],[-70.463,-54.279],[-70.397,-54.314],[-70.39,-54.301],[-70.313,-54.332],[-70.313,-54.348],[-70.278,-54.343],[-70.27,-54.356],[-70.308,-54.353],[-70.203,-54.373],[-70.217,-54.399],[-70.131,-54.437],[-70.111,-54.432],[-70.157,-54.401],[-70.138,-54.4],[-70.148,-54.386],[-70.036,-54.384],[-70.146,-54.369],[-70.202,-54.339],[-70.198,-54.315],[-70.119,-54.303],[-70.127,-54.292],[-70.082,-54.254],[-69.987,-54.269],[-69.967,-54.306],[-69.935,-54.309],[-69.979,-54.328],[-69.95,-54.331],[-69.931,-54.362],[-69.97,-54.381],[-69.952,-54.398],[-69.903,-54.377],[-69.877,-54.407],[-69.912,-54.436],[-69.857,-54.419],[-69.816,-54.449],[-69.889,-54.477],[-69.859,-54.489],[-69.91,-54.518],[-69.873,-54.519],[-69.8,-54.467],[-69.746,-54.518],[-69.864,-54.584],[-69.772,-54.544],[-69.73,-54.581],[-69.767,-54.605],[-69.721,-54.588],[-69.749,-54.544],[-69.712,-54.504],[-69.762,-54.443],[-69.801,-54.427],[-69.811,-54.41],[-69.793,-54.406],[-69.826,-54.379],[-69.829,-54.345],[-69.869,-54.322],[-69.846,-54.288],[-69.739,-54.31],[-69.611,-54.365],[-69.637,-54.394],[-69.605,-54.403],[-69.643,-54.451],[-69.585,-54.499],[-69.564,-54.483],[-69.602,-54.452],[-69.567,-54.426],[-69.601,-54.403],[-69.558,-54.419],[-69.559,-54.436],[-69.493,-54.442],[-69.536,-54.432],[-69.554,-54.406],[-69.548,-54.341],[-69.456,-54.346],[-69.393,-54.394],[-69.199,-54.451],[-69.207,-54.49],[-69.257,-54.499],[-69.26,-54.52],[-69.349,-54.57],[-69.366,-54.61],[-69.406,-54.612],[-69.378,-54.619],[-69.409,-54.65],[-69.515,-54.675],[-69.468,-54.687],[-69.383,-54.646],[-69.343,-54.723],[-69.336,-54.69],[-69.377,-54.639],[-69.328,-54.628],[-69.287,-54.565],[-69.216,-54.525],[-69.172,-54.565],[-69.129,-54.571],[-69.151,-54.519],[-69.174,-54.508],[-69.132,-54.452],[-68.956,-54.477],[-68.997,-54.458],[-68.963,-54.446],[-69.12,-54.399],[-69.171,-54.377],[-69.153,-54.37],[-69.66,-54.212],[-69.921,-54.163],[-69.9,-54.156],[-70.076,-54.068],[-70.041,-54.057],[-70.082,-53.986],[-70.137,-53.937],[-70.141,-53.887],[-70.174,-53.834],[-70.171,-53.773],[-70.135,-53.745],[-69.959,-53.711],[-69.907,-53.661],[-69.781,-53.666],[-69.671,-53.646],[-69.357,-53.524],[-69.311,-53.484],[-69.317,-53.438],[-69.371,-53.358],[-69.574,-53.346],[-69.886,-53.379],[-70.214,-53.477],[-70.283,-53.45],[-70.328,-53.395],[-70.448,-53.374],[-70.44,-53.313],[-70.366,-53.302],[-70.464,-53.304],[-70.418,-53.013],[-70.321,-52.968],[-70.341,-53.007],[-70.311,-53.036],[-70.341,-53.066],[-70.247,-53.062],[-70.138,-53.014],[-70.089,-52.928],[-70.12,-52.887],[-70.235,-52.882],[-70.299,-52.912],[-70.259,-52.862],[-70.28,-52.804],[-70.324,-52.782],[-70.437,-52.781],[-70.331,-52.744],[-70.142,-52.731],[-70.043,-52.818],[-69.98,-52.847],[-69.92,-52.845],[-69.837,-52.786],[-69.747,-52.777],[-69.699,-52.752],[-69.591,-52.648],[-69.611,-52.58],[-69.602,-52.545],[-69.43,-52.453],[-69.379,-52.473],[-69.21,-52.667],[-69.146,-52.696],[-69.083,-52.694],[-68.796,-52.582],[-68.785,-52.607],[-68.769,-52.543],[-68.746,-52.551],[-68.694,-52.607],[-68.61,-52.654],[-68.596,-54.873],[-68.609,-54.893],[-68.66,-54.896],[-68.705,-54.857],[-68.83,-54.83],[-68.821,-54.86],[-68.736,-54.885],[-68.705,-54.912],[-68.842,-54.954],[-69.082,-54.966],[-69.23,-54.916],[-69.387,-54.904],[-69.415,-54.892],[-69.382,-54.873],[-69.463,-54.892],[-69.653,-54.846],[-69.649,-54.803],[-69.585,-54.773],[-69.606,-54.77],[-69.619,-54.732],[-69.63,-54.748],[-69.612,-54.774],[-69.665,-54.801],[-69.671,-54.738],[-69.705,-54.704],[-69.716,-54.712],[-69.691,-54.73],[-69.691,-54.754],[-69.673,-54.778],[-69.717,-54.814],[-69.686,-54.791],[-69.671,-54.811],[-69.689,-54.837],[-69.765,-54.835],[-69.749,-54.821],[-69.754,-54.779],[-69.728,-54.765],[-69.784,-54.727],[-69.736,-54.772],[-69.766,-54.78],[-69.769,-54.834],[-69.921,-54.846],[-69.959,-54.805],[-69.976,-54.729],[-69.937,-54.679],[-69.988,-54.726],[-69.982,-54.807],[-69.95,-54.85],[-70.091,-54.864],[-70.101,-54.853],[-70.069,-54.793],[-70.091,-54.821],[-70.155,-54.792],[-70.096,-54.835],[-70.151,-54.862],[-70.234,-54.836],[-70.165,-54.869],[-70.21,-54.876],[-70.321,-54.86],[-70.333,-54.822],[-70.284,-54.767],[-70.25,-54.76],[-70.26,-54.744],[-70.227,-54.707],[-70.171,-54.696],[-70.237,-54.702],[-70.228,-54.687],[-70.269,-54.734],[-70.314,-54.753],[-70.296,-54.763],[-70.329,-54.786],[-70.35,-54.845],[-70.599,-54.787],[-70.563,-54.785],[-70.586,-54.775],[-70.622,-54.786],[-70.597,-54.805],[-70.637,-54.808],[-70.646,-54.824],[-70.595,-54.824],[-70.556,-54.85],[-70.545,-54.828],[-70.484,-54.825],[-70.416,-54.838],[-70.368,-54.871],[-70.613,-54.911],[-70.659,-54.889],[-70.67,-54.91],[-70.687,-54.877],[-70.73,-54.882],[-70.742,-54.863],[-70.711,-54.842],[-70.77,-54.825],[-70.785,-54.847],[-70.852,-54.826],[-70.803,-54.798],[-70.822,-54.773],[-70.726,-54.767],[-70.731,-54.734],[-70.757,-54.739],[-70.765,-54.761],[-70.947,-54.752],[-70.899,-54.714],[-70.85,-54.72],[-70.825,-54.694],[-70.766,-54.686],[-70.85,-54.702],[-70.882,-54.673],[-70.917,-54.671],[-70.9,-54.691],[-70.958,-54.7],[-70.916,-54.703],[-70.99,-54.756],[-70.989,-54.796],[-71.029,-54.755],[-70.989,-54.741],[-71.002,-54.719],[-70.959,-54.718],[-70.993,-54.711],[-70.969,-54.704],[-70.991,-54.702],[-70.967,-54.676],[-71.0,-54.705],[-71.025,-54.709],[-70.992,-54.675],[-71.018,-54.686],[-70.926,-54.616],[-70.976,-54.634],[-71.044,-54.612],[-71.026,-54.639],[-71.056,-54.659],[-71.111,-54.648],[-71.133,-54.655],[-71.123,-54.665],[-71.148,-54.696],[-71.217,-54.696],[-71.211,-54.665],[-71.267,-54.68],[-71.309,-54.653],[-71.3,-54.643],[-71.251,-54.628],[-71.223,-54.646],[-71.138,-54.623],[-71.201,-54.634],[-71.184,-54.606],[-71.199,-54.599],[-71.207,-54.623],[-71.25,-54.619],[-71.268,-54.595],[-71.24,-54.584],[-71.249,-54.571],[-71.295,-54.59],[-71.306,-54.565],[-71.323,-54.567],[-71.299,-54.548],[-71.34,-54.518],[-71.342,-54.539],[-71.315,-54.55],[-71.323,-54.582],[-71.383,-54.55],[-71.421,-54.568],[-71.342,-54.587],[-71.332,-54.622],[-71.374,-54.626],[-71.345,-54.591],[-71.416,-54.605],[-71.383,-54.627],[-71.396,-54.648],[-71.424,-54.657],[-71.423,-54.63],[-71.465,-54.634],[-71.439,-54.651],[-71.481,-54.645],[-71.454,-54.668],[-71.476,-54.685],[-71.506,-54.681],[-71.517,-54.633],[-71.476,-54.582],[-71.523,-54.597],[-71.538,-54.658],[-71.537,-54.643],[-71.597,-54.644],[-71.568,-54.61],[-71.628,-54.633],[-71.56,-54.583],[-71.604,-54.604],[-71.624,-54.571],[-71.621,-54.605],[-71.664,-54.618],[-71.642,-54.636],[-71.662,-54.66],[-71.686,-54.655],[-71.685,-54.607],[-71.656,-54.611],[-71.673,-54.602],[-71.636,-54.582],[-71.696,-54.602],[-71.792,-54.572],[-71.714,-54.608],[-71.733,-54.6],[-71.736,-54.62],[-71.761,-54.625],[-71.859,-54.588],[-71.803,-54.608],[-71.817,-54.611],[-71.787,-54.635],[-71.824,-54.648],[-71.879,-54.623],[-71.873,-54.643],[-71.911,-54.647],[-71.976,-54.602],[-71.945,-54.591],[-71.865,-54.608],[-71.942,-54.566],[-71.907,-54.54],[-71.958,-54.566],[-71.987,-54.548],[-71.972,-54.54],[-71.98,-54.526],[-72.017,-54.517],[-71.993,-54.506],[-71.948,-54.533],[-71.999,-54.494],[-71.975,-54.49],[-71.922,-54.514],[-71.973,-54.49],[-71.952,-54.473],[-71.972,-54.478],[-71.988,-54.451],[-71.974,-54.464],[-71.951,-54.443],[-71.925,-54.462],[-71.903,-54.444],[-71.884,-54.506],[-71.884,-54.463],[-71.843,-54.466],[-71.822,-54.491],[-71.838,-54.514],[-71.801,-54.533],[-71.825,-54.53],[-71.768,-54.551],[-71.785,-54.538],[-71.732,-54.545],[-71.737,-54.563],[-71.717,-54.552],[-71.661,-54.573],[-71.701,-54.551],[-71.723,-54.511],[-71.759,-54.51],[-71.761,-54.492],[-71.709,-54.484],[-71.614,-54.538],[-71.517,-54.549],[-71.641,-54.515],[-71.707,-54.47],[-71.856,-54.448],[-71.865,-54.435],[-71.821,-54.427],[-71.874,-54.418],[-71.83,-54.405],[-71.725,-54.397],[-71.703,-54.418],[-71.729,-54.427],[-71.707,-54.423],[-71.597,-54.494],[-71.525,-54.516],[-71.542,-54.488],[-71.526,-54.48],[-71.427,-54.492],[-71.584,-54.457],[-71.614,-54.395],[-71.496,-54.437],[-71.518,-54.405],[-71.539,-54.41],[-71.503,-54.396],[-71.466,-54.437],[-71.38,-54.431],[-71.39,-54.447],[-71.366,-54.462],[-71.355,-54.438],[-71.301,-54.435],[-71.312,-54.422],[-71.357,-54.433],[-71.42,-54.416],[-71.424,-54.4],[-71.404,-54.377],[-71.384,-54.389],[-71.355,-54.367],[-71.316,-54.391],[-71.239,-54.389],[-71.186,-54.434],[-71.147,-54.414],[-70.997,-54.456],[-70.984,-54.431],[-70.917,-54.431],[-70.936,-54.37],[-70.878,-54.354],[-70.879,-54.336],[-70.733,-54.334],[-70.733,-54.37],[-70.705,-54.352]]],[[[-74.57,-52.234],[-74.536,-52.267],[-74.545,-52.302],[-74.557,-52.315],[-74.59,-52.303],[-74.57,-52.283],[-74.588,-52.291],[-74.602,-52.308],[-74.613,-52.297],[-74.608,-52.268],[-74.57,-52.234]]],[[[-74.167,-52.228],[-73.948,-52.363],[-73.968,-52.385],[-74.007,-52.357],[-73.976,-52.392],[-74.025,-52.366],[-74.005,-52.391],[-74.034,-52.386],[-74.027,-52.4],[-74.107,-52.423],[-74.082,-52.403],[-74.161,-52.412],[-74.116,-52.381],[-74.177,-52.412],[-74.158,-52.373],[-74.179,-52.368],[-74.147,-52.34],[-74.245,-52.375],[-74.202,-52.345],[-74.238,-52.359],[-74.205,-52.333],[-74.225,-52.332],[-74.13,-52.306],[-74.205,-52.292],[-74.15,-52.28],[-74.211,-52.265],[-74.167,-52.228]]],[[[-74.611,-52.207],[-74.581,-52.214],[-74.623,-52.267],[-74.621,-52.293],[-74.637,-52.288],[-74.615,-52.309],[-74.697,-52.309],[-74.65,-52.324],[-74.666,-52.333],[-74.775,-52.32],[-74.779,-52.294],[-74.816,-52.282],[-74.778,-52.264],[-74.81,-52.278],[-74.834,-52.251],[-74.837,-52.265],[-74.852,-52.257],[-74.911,-52.227],[-74.88,-52.2],[-74.835,-52.198],[-74.769,-52.25],[-74.681,-52.279],[-74.68,-52.242],[-74.656,-52.233],[-74.646,-52.252],[-74.653,-52.237],[-74.611,-52.207]]],[[[-74.402,-52.151],[-74.349,-52.19],[-74.303,-52.194],[-74.355,-52.214],[-74.332,-52.192],[-74.359,-52.203],[-74.369,-52.185],[-74.465,-52.209],[-74.444,-52.168],[-74.402,-52.151]]],[[[-73.929,-52.147],[-73.884,-52.144],[-73.849,-52.176],[-73.81,-52.181],[-73.801,-52.207],[-73.795,-52.234],[-73.812,-52.228],[-73.838,-52.199],[-73.93,-52.167],[-73.929,-52.147]]],[[[-74.576,-52.086],[-74.547,-52.106],[-74.61,-52.124],[-74.595,-52.141],[-74.633,-52.156],[-74.616,-52.169],[-74.635,-52.195],[-74.684,-52.177],[-74.655,-52.193],[-74.663,-52.212],[-74.718,-52.201],[-74.71,-52.217],[-74.75,-52.215],[-74.757,-52.19],[-74.794,-52.178],[-74.739,-52.141],[-74.733,-52.153],[-74.648,-52.108],[-74.621,-52.119],[-74.626,-52.102],[-74.576,-52.086]]],[[[-74.276,-52.093],[-74.183,-52.129],[-74.052,-52.217],[-74.036,-52.233],[-74.049,-52.238],[-73.957,-52.315],[-73.971,-52.29],[-73.902,-52.339],[-73.917,-52.349],[-73.902,-52.363],[-73.933,-52.362],[-74.139,-52.237],[-74.119,-52.229],[-74.153,-52.226],[-74.139,-52.213],[-74.223,-52.203],[-74.186,-52.189],[-74.062,-52.24],[-74.239,-52.167],[-74.224,-52.152],[-74.3,-52.149],[-74.267,-52.164],[-74.29,-52.178],[-74.239,-52.169],[-74.196,-52.191],[-74.246,-52.2],[-74.359,-52.176],[-74.385,-52.145],[-74.428,-52.146],[-74.397,-52.13],[-74.323,-52.139],[-74.343,-52.125],[-74.276,-52.093]]],[[[-74.217,-52.083],[-74.07,-52.098],[-74.025,-52.132],[-74.06,-52.14],[-74.067,-52.169],[-74.04,-52.145],[-74.016,-52.154],[-74.025,-52.139],[-74.01,-52.135],[-73.999,-52.172],[-73.893,-52.196],[-73.848,-52.221],[-73.855,-52.231],[-73.822,-52.23],[-73.824,-52.244],[-73.752,-52.274],[-73.748,-52.32],[-73.775,-52.315],[-73.782,-52.343],[-73.765,-52.347],[-73.76,-52.322],[-73.738,-52.332],[-73.733,-52.351],[-73.75,-52.357],[-73.716,-52.413],[-73.759,-52.404],[-73.774,-52.415],[-73.76,-52.421],[-73.791,-52.409],[-73.806,-52.422],[-73.877,-52.391],[-73.848,-52.383],[-73.871,-52.377],[-73.839,-52.365],[-73.851,-52.355],[-73.754,-52.357],[-73.974,-52.274],[-74.048,-52.215],[-74.045,-52.196],[-74.079,-52.191],[-74.06,-52.173],[-74.111,-52.173],[-74.145,-52.149],[-74.111,-52.133],[-74.157,-52.135],[-74.237,-52.1],[-74.217,-52.083]]],[[[-74.495,-51.942],[-74.5,-51.966],[-74.457,-51.954],[-74.489,-51.981],[-74.454,-51.987],[-74.483,-52.018],[-74.534,-52.009],[-74.487,-52.024],[-74.574,-52.062],[-74.61,-52.075],[-74.609,-52.042],[-74.619,-52.086],[-74.661,-52.106],[-74.666,-52.077],[-74.678,-52.109],[-74.706,-52.116],[-74.689,-52.043],[-74.61,-51.986],[-74.604,-52.01],[-74.56,-52.018],[-74.59,-51.979],[-74.554,-51.951],[-74.495,-51.942]]],[[[-74.043,-51.902],[-73.975,-51.938],[-73.97,-51.965],[-73.995,-51.998],[-73.962,-51.955],[-73.939,-51.978],[-73.957,-51.941],[-73.753,-52.07],[-73.736,-52.091],[-73.75,-52.096],[-73.692,-52.141],[-73.715,-52.152],[-73.689,-52.164],[-73.702,-52.181],[-73.673,-52.167],[-73.642,-52.225],[-73.826,-52.148],[-73.879,-52.115],[-73.853,-52.09],[-73.818,-52.095],[-73.835,-52.082],[-73.809,-52.063],[-73.843,-52.048],[-73.832,-52.032],[-73.855,-52.034],[-73.848,-52.047],[-73.9,-52.024],[-73.825,-52.069],[-73.881,-52.108],[-74.093,-52.029],[-74.084,-52.006],[-73.902,-52.072],[-74.072,-51.998],[-74.087,-51.952],[-74.055,-51.965],[-74.098,-51.925],[-74.074,-51.901],[-74.058,-51.904],[-74.062,-51.921],[-74.043,-51.902]]],[[[-73.788,-51.894],[-73.772,-51.905],[-73.788,-51.915],[-73.689,-51.976],[-73.746,-52.025],[-73.846,-51.971],[-73.863,-51.942],[-73.822,-51.947],[-73.842,-51.939],[-73.807,-51.933],[-73.819,-51.924],[-73.791,-51.91],[-73.81,-51.902],[-73.788,-51.894]]],[[[-74.724,-51.834],[-74.694,-51.854],[-74.711,-51.872],[-74.663,-51.849],[-74.663,-51.872],[-74.687,-51.868],[-74.664,-51.888],[-74.603,-51.842],[-74.621,-51.858],[-74.615,-51.883],[-74.576,-51.84],[-74.616,-51.913],[-74.671,-51.927],[-74.649,-51.945],[-74.667,-51.961],[-74.63,-51.959],[-74.68,-51.964],[-74.7,-51.98],[-74.677,-51.987],[-74.716,-51.997],[-74.692,-52.011],[-74.67,-51.998],[-74.674,-51.98],[-74.642,-51.969],[-74.634,-51.991],[-74.694,-52.019],[-74.706,-52.066],[-74.732,-52.068],[-74.708,-52.084],[-74.736,-52.075],[-74.725,-52.093],[-74.741,-52.121],[-74.744,-52.099],[-74.767,-52.117],[-74.81,-52.101],[-74.813,-52.116],[-74.775,-52.134],[-74.822,-52.163],[-74.889,-52.154],[-74.841,-52.074],[-74.748,-52.041],[-74.783,-52.048],[-74.777,-52.017],[-74.79,-52.043],[-74.806,-52.034],[-74.789,-52.054],[-74.831,-52.062],[-74.808,-51.98],[-74.75,-51.964],[-74.806,-51.974],[-74.784,-51.907],[-74.76,-51.911],[-74.773,-51.898],[-74.751,-51.85],[-74.724,-51.834]]],[[[-74.552,-51.826],[-74.535,-51.828],[-74.533,-51.873],[-74.586,-51.915],[-74.531,-51.891],[-74.549,-51.921],[-74.6,-51.932],[-74.598,-51.947],[-74.647,-51.939],[-74.596,-51.899],[-74.584,-51.909],[-74.552,-51.826]]],[[[-74.932,-51.808],[-74.926,-51.839],[-74.891,-51.852],[-74.915,-51.856],[-74.92,-51.881],[-74.883,-51.867],[-74.923,-51.896],[-74.933,-51.927],[-74.89,-51.889],[-74.886,-51.912],[-74.869,-51.873],[-74.859,-51.943],[-74.844,-51.868],[-74.78,-51.878],[-74.794,-51.906],[-74.812,-51.897],[-74.793,-51.91],[-74.801,-51.931],[-74.826,-51.921],[-74.804,-51.932],[-74.81,-51.947],[-74.855,-51.96],[-74.807,-51.951],[-74.816,-51.976],[-74.84,-51.98],[-74.819,-51.986],[-74.88,-51.983],[-74.828,-51.992],[-74.836,-52.023],[-74.913,-52.008],[-74.849,-52.036],[-74.892,-52.052],[-74.858,-52.06],[-74.871,-52.091],[-74.928,-52.13],[-74.95,-52.133],[-74.911,-52.084],[-74.914,-52.037],[-74.952,-52.131],[-75.003,-52.144],[-75.015,-52.131],[-74.988,-52.111],[-74.999,-52.1],[-74.944,-52.103],[-74.967,-52.088],[-74.939,-52.052],[-74.976,-52.089],[-75.009,-52.094],[-75.006,-52.073],[-74.949,-52.039],[-75.021,-52.075],[-75.001,-52.029],[-75.045,-52.056],[-75.064,-52.019],[-75.039,-52.007],[-75.042,-51.982],[-74.943,-51.955],[-75.009,-51.954],[-74.932,-51.808]]],[[[-72.895,-51.873],[-72.884,-51.898],[-72.95,-51.948],[-72.997,-52.055],[-73.111,-52.086],[-73.132,-52.031],[-73.119,-52.019],[-73.086,-51.951],[-72.987,-51.901],[-72.948,-51.893],[-72.927,-51.906],[-72.895,-51.873]]],[[[-73.759,-51.825],[-73.701,-51.888],[-73.703,-51.941],[-73.742,-51.926],[-73.802,-51.852],[-73.759,-51.825]]],[[[-74.659,-51.766],[-74.661,-51.782],[-74.64,-51.788],[-74.659,-51.811],[-74.627,-51.789],[-74.629,-51.817],[-74.6,-51.81],[-74.641,-51.852],[-74.728,-51.821],[-74.722,-51.79],[-74.685,-51.789],[-74.668,-51.765],[-74.665,-51.788],[-74.659,-51.766]]],[[[-75.003,-51.73],[-74.975,-51.72],[-74.955,-51.747],[-74.98,-51.744],[-74.956,-51.759],[-74.978,-51.763],[-74.953,-51.764],[-74.95,-51.782],[-74.985,-51.784],[-74.982,-51.799],[-74.953,-51.797],[-74.982,-51.835],[-74.995,-51.9],[-75.075,-51.901],[-75.051,-51.911],[-75.078,-51.927],[-75.101,-51.927],[-75.105,-51.91],[-75.091,-51.906],[-75.101,-51.876],[-75.061,-51.855],[-75.127,-51.824],[-75.079,-51.803],[-75.093,-51.783],[-75.073,-51.782],[-75.054,-51.728],[-75.003,-51.73]]],[[[-74.509,-51.707],[-74.423,-51.73],[-74.426,-51.745],[-74.363,-51.739],[-74.332,-51.756],[-74.372,-51.784],[-74.321,-51.763],[-74.304,-51.785],[-74.326,-51.791],[-74.273,-51.779],[-74.301,-51.791],[-74.3,-51.829],[-74.281,-51.842],[-74.287,-51.819],[-74.236,-51.814],[-74.193,-51.828],[-74.194,-51.852],[-74.175,-51.836],[-74.143,-51.849],[-74.14,-51.884],[-74.19,-51.898],[-74.125,-51.894],[-74.089,-51.875],[-74.055,-51.884],[-74.103,-51.93],[-74.1,-51.981],[-74.162,-51.966],[-74.165,-51.943],[-74.208,-51.956],[-74.262,-51.935],[-74.227,-51.917],[-74.297,-51.918],[-74.263,-51.903],[-74.273,-51.895],[-74.294,-51.908],[-74.357,-51.9],[-74.414,-51.846],[-74.37,-51.816],[-74.396,-51.816],[-74.399,-51.796],[-74.417,-51.82],[-74.434,-51.779],[-74.457,-51.77],[-74.417,-51.774],[-74.463,-51.756],[-74.509,-51.707]]],[[[-74.856,-51.626],[-74.768,-51.656],[-74.787,-51.689],[-74.757,-51.678],[-74.782,-51.698],[-74.754,-51.726],[-74.8,-51.759],[-74.758,-51.736],[-74.743,-51.792],[-74.749,-51.805],[-74.782,-51.79],[-74.769,-51.804],[-74.782,-51.808],[-74.757,-51.808],[-74.751,-51.828],[-74.785,-51.845],[-74.764,-51.844],[-74.779,-51.863],[-74.853,-51.849],[-74.856,-51.83],[-74.833,-51.817],[-74.841,-51.795],[-74.849,-51.813],[-74.879,-51.792],[-74.876,-51.766],[-74.852,-51.76],[-74.833,-51.78],[-74.849,-51.755],[-74.806,-51.778],[-74.932,-51.66],[-74.919,-51.638],[-74.856,-51.626]]],[[[-73.942,-51.649],[-73.888,-51.655],[-73.875,-51.693],[-73.834,-51.686],[-73.823,-51.711],[-73.856,-51.733],[-73.852,-51.757],[-73.798,-51.736],[-73.819,-51.722],[-73.787,-51.716],[-73.779,-51.732],[-73.747,-51.776],[-73.792,-51.78],[-73.809,-51.799],[-73.774,-51.802],[-73.793,-51.814],[-73.827,-51.812],[-73.85,-51.786],[-73.816,-51.765],[-73.867,-51.774],[-73.872,-51.72],[-73.887,-51.735],[-73.926,-51.709],[-73.942,-51.649]]],[[[-74.053,-51.53],[-74.031,-51.567],[-74.078,-51.561],[-74.027,-51.579],[-74.022,-51.641],[-73.983,-51.683],[-74.019,-51.684],[-73.973,-51.702],[-74.058,-51.727],[-74.016,-51.709],[-73.992,-51.732],[-73.947,-51.728],[-73.961,-51.715],[-73.941,-51.726],[-73.908,-51.773],[-73.956,-51.804],[-73.904,-51.784],[-73.912,-51.795],[-73.844,-51.822],[-73.788,-51.884],[-73.827,-51.898],[-73.803,-51.91],[-73.84,-51.903],[-73.817,-51.923],[-73.882,-51.91],[-73.853,-51.903],[-73.879,-51.885],[-73.879,-51.899],[-73.951,-51.895],[-73.955,-51.872],[-73.923,-51.861],[-73.962,-51.84],[-73.941,-51.832],[-73.985,-51.822],[-73.944,-51.808],[-74.086,-51.787],[-74.155,-51.75],[-74.136,-51.735],[-74.194,-51.746],[-74.248,-51.721],[-74.191,-51.722],[-74.238,-51.706],[-74.215,-51.698],[-74.243,-51.689],[-74.232,-51.676],[-74.162,-51.699],[-74.198,-51.661],[-74.158,-51.67],[-74.172,-51.648],[-74.15,-51.669],[-74.082,-51.68],[-74.134,-51.667],[-74.098,-51.647],[-74.143,-51.625],[-74.105,-51.625],[-74.15,-51.593],[-74.095,-51.603],[-74.12,-51.587],[-74.064,-51.615],[-74.089,-51.595],[-74.049,-51.593],[-74.081,-51.59],[-74.103,-51.574],[-74.093,-51.554],[-74.119,-51.545],[-74.057,-51.553],[-74.067,-51.539],[-74.053,-51.53]]],[[[-74.91,-51.467],[-74.897,-51.485],[-74.918,-51.506],[-74.897,-51.519],[-74.916,-51.522],[-74.887,-51.526],[-74.904,-51.542],[-74.893,-51.549],[-74.933,-51.556],[-74.92,-51.533],[-74.939,-51.552],[-74.932,-51.525],[-74.993,-51.543],[-74.992,-51.498],[-74.91,-51.467]]],[[[-74.678,-51.332],[-74.659,-51.349],[-74.668,-51.363],[-74.689,-51.35],[-74.667,-51.381],[-74.694,-51.415],[-74.696,-51.444],[-74.755,-51.448],[-74.678,-51.332]]],[[[-75.126,-51.248],[-75.108,-51.251],[-75.096,-51.286],[-75.142,-51.391],[-75.12,-51.381],[-75.126,-51.358],[-75.081,-51.295],[-75.021,-51.332],[-75.025,-51.32],[-74.976,-51.316],[-74.993,-51.337],[-74.976,-51.352],[-74.991,-51.378],[-75.028,-51.359],[-74.998,-51.382],[-75.01,-51.409],[-75.039,-51.371],[-75.076,-51.364],[-75.04,-51.409],[-75.06,-51.42],[-75.082,-51.393],[-75.069,-51.401],[-75.083,-51.443],[-75.112,-51.43],[-75.092,-51.446],[-75.119,-51.456],[-75.09,-51.48],[-75.119,-51.474],[-75.151,-51.409],[-75.131,-51.515],[-75.152,-51.549],[-75.151,-51.573],[-75.17,-51.568],[-75.165,-51.595],[-75.226,-51.56],[-75.184,-51.611],[-75.214,-51.629],[-75.255,-51.614],[-75.313,-51.642],[-75.325,-51.628],[-75.312,-51.613],[-75.349,-51.587],[-75.317,-51.568],[-75.343,-51.554],[-75.328,-51.55],[-75.336,-51.534],[-75.298,-51.532],[-75.29,-51.508],[-75.262,-51.524],[-75.25,-51.499],[-75.196,-51.486],[-75.235,-51.443],[-75.202,-51.427],[-75.222,-51.402],[-75.193,-51.378],[-75.148,-51.388],[-75.157,-51.366],[-75.183,-51.376],[-75.222,-51.334],[-75.189,-51.323],[-75.201,-51.308],[-75.178,-51.29],[-75.157,-51.305],[-75.153,-51.273],[-75.117,-51.259],[-75.126,-51.248]]],[[[-74.214,-51.288],[-74.137,-51.315],[-74.112,-51.364],[-74.181,-51.343],[-74.211,-51.354],[-74.178,-51.374],[-74.161,-51.368],[-74.18,-51.357],[-74.161,-51.352],[-74.123,-51.385],[-74.143,-51.364],[-74.125,-51.366],[-74.087,-51.404],[-74.08,-51.446],[-74.11,-51.454],[-74.141,-51.409],[-74.176,-51.427],[-74.14,-51.414],[-74.158,-51.442],[-74.166,-51.43],[-74.185,-51.442],[-74.188,-51.42],[-74.209,-51.429],[-74.195,-51.409],[-74.237,-51.412],[-74.219,-51.39],[-74.171,-51.383],[-74.225,-51.386],[-74.263,-51.351],[-74.245,-51.345],[-74.263,-51.338],[-74.257,-51.305],[-74.214,-51.288]]],[[[-74.933,-51.227],[-74.869,-51.251],[-74.977,-51.314],[-75.046,-51.304],[-75.066,-51.286],[-75.055,-51.278],[-75.038,-51.256],[-74.949,-51.272],[-74.999,-51.255],[-74.928,-51.257],[-74.969,-51.236],[-74.933,-51.227]]],[[[-73.8,-51.247],[-73.725,-51.304],[-73.732,-51.379],[-73.781,-51.361],[-73.847,-51.367],[-73.874,-51.345],[-73.797,-51.306],[-73.875,-51.326],[-73.899,-51.293],[-73.8,-51.247]]],[[[-74.042,-51.223],[-73.955,-51.231],[-73.931,-51.286],[-73.924,-51.334],[-73.963,-51.347],[-73.973,-51.312],[-73.985,-51.333],[-73.969,-51.351],[-74.01,-51.381],[-74.057,-51.379],[-74.087,-51.336],[-74.068,-51.311],[-74.091,-51.322],[-74.107,-51.29],[-74.099,-51.231],[-74.042,-51.223]]],[[[-74.627,-51.19],[-74.586,-51.197],[-74.602,-51.204],[-74.574,-51.222],[-74.558,-51.209],[-74.499,-51.281],[-74.52,-51.299],[-74.539,-51.268],[-74.523,-51.258],[-74.557,-51.239],[-74.527,-51.315],[-74.581,-51.267],[-74.673,-51.245],[-74.626,-51.264],[-74.637,-51.279],[-74.608,-51.27],[-74.574,-51.289],[-74.564,-51.306],[-74.585,-51.328],[-74.561,-51.317],[-74.542,-51.33],[-74.58,-51.353],[-74.541,-51.337],[-74.521,-51.357],[-74.544,-51.387],[-74.614,-51.408],[-74.635,-51.381],[-74.621,-51.359],[-74.645,-51.362],[-74.67,-51.327],[-74.657,-51.301],[-74.685,-51.319],[-74.73,-51.294],[-74.688,-51.324],[-74.723,-51.375],[-74.744,-51.374],[-74.737,-51.357],[-74.754,-51.373],[-74.727,-51.385],[-74.752,-51.424],[-74.755,-51.395],[-74.799,-51.41],[-74.783,-51.388],[-74.803,-51.41],[-74.764,-51.425],[-74.812,-51.452],[-74.841,-51.447],[-74.823,-51.428],[-74.835,-51.436],[-74.891,-51.467],[-74.887,-51.423],[-74.891,-51.457],[-74.91,-51.46],[-74.908,-51.444],[-74.969,-51.479],[-75.036,-51.475],[-75.026,-51.455],[-75.041,-51.442],[-74.997,-51.455],[-74.985,-51.439],[-75.004,-51.451],[-75.032,-51.43],[-74.931,-51.408],[-74.931,-51.393],[-74.845,-51.37],[-74.784,-51.328],[-74.868,-51.366],[-74.864,-51.343],[-74.881,-51.368],[-74.948,-51.387],[-74.969,-51.378],[-74.911,-51.37],[-74.965,-51.362],[-74.981,-51.344],[-74.969,-51.324],[-74.886,-51.276],[-74.861,-51.276],[-74.86,-51.295],[-74.853,-51.28],[-74.826,-51.295],[-74.828,-51.275],[-74.797,-51.287],[-74.8,-51.273],[-74.85,-51.262],[-74.821,-51.253],[-74.822,-51.225],[-74.771,-51.245],[-74.805,-51.228],[-74.798,-51.209],[-74.718,-51.231],[-74.75,-51.211],[-74.719,-51.189],[-74.661,-51.213],[-74.627,-51.19]]],[[[-74.841,-51.166],[-74.851,-51.184],[-74.836,-51.177],[-74.834,-51.201],[-74.833,-51.177],[-74.801,-51.186],[-74.846,-51.245],[-74.879,-51.22],[-74.862,-51.196],[-74.881,-51.214],[-74.946,-51.216],[-75.028,-51.225],[-75.01,-51.225],[-75.011,-51.2],[-74.986,-51.211],[-74.992,-51.193],[-74.975,-51.182],[-74.841,-51.166]]],[[[-74.903,-51.092],[-74.829,-51.107],[-74.85,-51.13],[-74.817,-51.118],[-74.831,-51.155],[-74.939,-51.158],[-75.016,-51.184],[-75.012,-51.145],[-74.992,-51.151],[-75.003,-51.125],[-74.95,-51.093],[-74.905,-51.127],[-74.935,-51.093],[-74.903,-51.092]]],[[[-74.61,-51.088],[-74.586,-51.103],[-74.562,-51.182],[-74.58,-51.154],[-74.599,-51.174],[-74.642,-51.159],[-74.654,-51.186],[-74.64,-51.194],[-74.66,-51.201],[-74.705,-51.188],[-74.714,-51.166],[-74.729,-51.192],[-74.759,-51.164],[-74.751,-51.137],[-74.674,-51.151],[-74.68,-51.136],[-74.61,-51.088]]],[[[-74.465,-51.003],[-74.425,-51.056],[-74.462,-51.075],[-74.481,-51.038],[-74.5,-51.036],[-74.484,-51.065],[-74.512,-51.084],[-74.457,-51.085],[-74.462,-51.099],[-74.419,-51.117],[-74.4,-51.099],[-74.376,-51.108],[-74.352,-51.162],[-74.382,-51.197],[-74.432,-51.181],[-74.388,-51.203],[-74.395,-51.227],[-74.446,-51.193],[-74.49,-51.19],[-74.481,-51.162],[-74.514,-51.181],[-74.539,-51.159],[-74.554,-51.171],[-74.585,-51.103],[-74.569,-51.083],[-74.589,-51.064],[-74.465,-51.003]]],[[[-74.309,-50.909],[-74.215,-51.069],[-74.209,-51.137],[-74.164,-51.208],[-74.211,-51.206],[-74.24,-51.256],[-74.271,-51.184],[-74.327,-50.979],[-74.283,-50.985],[-74.31,-50.973],[-74.297,-50.959],[-74.324,-50.963],[-74.341,-50.932],[-74.34,-50.91],[-74.309,-50.909]]],[[[-74.636,-50.71],[-74.587,-50.73],[-74.59,-50.755],[-74.543,-50.734],[-74.537,-50.77],[-74.521,-50.738],[-74.5,-50.772],[-74.483,-50.755],[-74.446,-50.784],[-74.427,-50.774],[-74.42,-50.795],[-74.452,-50.806],[-74.453,-50.784],[-74.45,-50.818],[-74.478,-50.846],[-74.472,-50.82],[-74.487,-50.82],[-74.513,-50.859],[-74.484,-50.84],[-74.463,-50.849],[-74.443,-50.816],[-74.422,-50.815],[-74.425,-50.834],[-74.399,-50.816],[-74.41,-50.828],[-74.38,-50.852],[-74.398,-50.866],[-74.375,-50.859],[-74.373,-50.887],[-74.388,-50.9],[-74.406,-50.885],[-74.391,-50.903],[-74.437,-50.924],[-74.411,-50.934],[-74.443,-50.939],[-74.42,-50.948],[-74.378,-50.913],[-74.398,-50.941],[-74.374,-50.936],[-74.374,-50.953],[-74.404,-50.972],[-74.372,-50.964],[-74.354,-51.028],[-74.37,-51.037],[-74.399,-51.012],[-74.386,-51.043],[-74.408,-51.047],[-74.371,-51.052],[-74.366,-51.072],[-74.373,-51.086],[-74.421,-51.067],[-74.458,-50.99],[-74.589,-51.058],[-74.598,-51.017],[-74.61,-51.079],[-74.642,-51.101],[-74.651,-51.082],[-74.689,-51.119],[-74.705,-51.11],[-74.681,-51.092],[-74.717,-51.112],[-74.731,-51.106],[-74.714,-51.1],[-74.749,-51.099],[-74.719,-51.091],[-74.768,-51.072],[-74.69,-51.066],[-74.742,-51.056],[-74.747,-51.033],[-74.643,-51.032],[-74.602,-50.957],[-74.658,-51.009],[-74.761,-50.99],[-74.735,-51.006],[-74.778,-51.007],[-74.76,-51.03],[-74.807,-51.083],[-74.836,-51.069],[-74.789,-51.05],[-74.831,-51.046],[-74.846,-51.067],[-74.891,-51.055],[-74.83,-51.0],[-74.771,-50.99],[-74.826,-50.978],[-74.77,-50.98],[-74.803,-50.964],[-74.875,-50.976],[-74.811,-50.958],[-74.882,-50.943],[-74.889,-50.965],[-74.952,-50.988],[-74.953,-50.96],[-74.933,-50.96],[-74.951,-50.957],[-74.939,-50.916],[-74.855,-50.915],[-74.915,-50.909],[-74.931,-50.88],[-74.822,-50.896],[-74.882,-50.872],[-74.78,-50.909],[-74.667,-50.904],[-74.681,-50.938],[-74.641,-50.934],[-74.636,-50.956],[-74.623,-50.918],[-74.605,-50.927],[-74.609,-50.954],[-74.598,-50.904],[-74.533,-50.919],[-74.585,-50.898],[-74.553,-50.88],[-74.619,-50.9],[-74.599,-50.855],[-74.638,-50.896],[-74.627,-50.843],[-74.605,-50.852],[-74.616,-50.826],[-74.567,-50.84],[-74.576,-50.861],[-74.535,-50.847],[-74.544,-50.832],[-74.519,-50.811],[-74.567,-50.829],[-74.603,-50.808],[-74.575,-50.793],[-74.606,-50.797],[-74.649,-50.748],[-74.685,-50.742],[-74.636,-50.71]]],[[[-74.824,-50.654],[-74.779,-50.669],[-74.788,-50.682],[-74.717,-50.692],[-74.731,-50.719],[-74.769,-50.708],[-74.737,-50.723],[-74.733,-50.755],[-74.796,-50.739],[-74.741,-50.762],[-74.773,-50.777],[-74.733,-50.766],[-74.712,-50.783],[-74.736,-50.799],[-74.689,-50.797],[-74.698,-50.827],[-74.792,-50.806],[-74.7,-50.833],[-74.738,-50.853],[-74.71,-50.863],[-74.723,-50.888],[-74.674,-50.804],[-74.636,-50.816],[-74.659,-50.876],[-74.692,-50.894],[-74.684,-50.903],[-74.746,-50.901],[-74.822,-50.881],[-74.798,-50.869],[-74.831,-50.879],[-74.874,-50.863],[-74.853,-50.848],[-74.894,-50.869],[-74.916,-50.852],[-74.938,-50.845],[-74.928,-50.831],[-74.871,-50.844],[-74.886,-50.831],[-74.856,-50.827],[-74.932,-50.8],[-74.844,-50.808],[-74.948,-50.788],[-74.946,-50.763],[-74.873,-50.789],[-74.935,-50.757],[-74.918,-50.752],[-74.947,-50.753],[-74.927,-50.733],[-74.941,-50.723],[-74.911,-50.712],[-74.84,-50.726],[-74.857,-50.744],[-74.883,-50.739],[-74.856,-50.753],[-74.807,-50.732],[-74.931,-50.694],[-74.93,-50.675],[-74.913,-50.681],[-74.923,-50.692],[-74.893,-50.669],[-74.817,-50.688],[-74.814,-50.715],[-74.775,-50.704],[-74.844,-50.659],[-74.824,-50.654]]],[[[-74.971,-50.643],[-74.968,-50.712],[-75.003,-50.737],[-74.971,-50.733],[-74.989,-50.758],[-74.973,-50.758],[-74.974,-50.787],[-74.995,-50.792],[-74.967,-50.801],[-74.978,-50.818],[-75.054,-50.786],[-75.063,-50.765],[-75.036,-50.756],[-75.064,-50.762],[-75.094,-50.738],[-75.081,-50.734],[-75.103,-50.711],[-75.064,-50.707],[-75.033,-50.729],[-75.048,-50.719],[-75.027,-50.695],[-75.055,-50.698],[-75.047,-50.684],[-75.067,-50.68],[-75.046,-50.672],[-75.046,-50.653],[-75.015,-50.668],[-75.003,-50.648],[-75.001,-50.682],[-74.971,-50.643]]],[[[-74.689,-50.513],[-74.612,-50.511],[-74.579,-50.533],[-74.585,-50.562],[-74.615,-50.565],[-74.61,-50.58],[-74.656,-50.608],[-74.679,-50.601],[-74.663,-50.579],[-74.651,-50.565],[-74.667,-50.577],[-74.666,-50.544],[-74.69,-50.551],[-74.671,-50.53],[-74.689,-50.513]]],[[[-75.405,-50.463],[-75.341,-50.473],[-75.336,-50.513],[-75.332,-50.474],[-75.269,-50.486],[-75.298,-50.53],[-75.251,-50.487],[-75.209,-50.506],[-75.06,-50.505],[-75.131,-50.556],[-75.174,-50.541],[-75.152,-50.569],[-75.239,-50.55],[-75.167,-50.591],[-75.195,-50.612],[-75.213,-50.591],[-75.206,-50.618],[-75.279,-50.578],[-75.263,-50.544],[-75.286,-50.561],[-75.32,-50.551],[-75.324,-50.574],[-75.227,-50.636],[-75.261,-50.65],[-75.311,-50.639],[-75.237,-50.671],[-75.24,-50.689],[-75.28,-50.696],[-75.232,-50.705],[-75.319,-50.711],[-75.269,-50.716],[-75.251,-50.729],[-75.269,-50.728],[-75.255,-50.735],[-75.264,-50.748],[-75.243,-50.748],[-75.259,-50.787],[-75.328,-50.808],[-75.307,-50.779],[-75.314,-50.749],[-75.321,-50.784],[-75.375,-50.791],[-75.428,-50.763],[-75.429,-50.745],[-75.392,-50.737],[-75.454,-50.738],[-75.458,-50.712],[-75.402,-50.688],[-75.359,-50.701],[-75.343,-50.683],[-75.363,-50.699],[-75.39,-50.673],[-75.51,-50.667],[-75.486,-50.644],[-75.399,-50.644],[-75.445,-50.643],[-75.463,-50.613],[-75.426,-50.591],[-75.343,-50.633],[-75.396,-50.593],[-75.321,-50.599],[-75.416,-50.564],[-75.446,-50.534],[-75.424,-50.529],[-75.467,-50.522],[-75.454,-50.52],[-75.471,-50.494],[-75.403,-50.495],[-75.428,-50.473],[-75.405,-50.463]]],[[[-74.237,-50.849],[-74.205,-50.811],[-74.226,-50.778],[-74.247,-50.785],[-74.243,-50.751],[-74.295,-50.814],[-74.334,-50.763],[-74.287,-50.847],[-74.34,-50.847],[-74.367,-50.798],[-74.423,-50.764],[-74.375,-50.74],[-74.44,-50.759],[-74.505,-50.734],[-74.5,-50.712],[-74.464,-50.71],[-74.531,-50.701],[-74.471,-50.673],[-74.493,-50.664],[-74.549,-50.696],[-74.547,-50.653],[-74.552,-50.668],[-74.558,-50.653],[-74.583,-50.662],[-74.575,-50.646],[-74.605,-50.647],[-74.6,-50.623],[-74.575,-50.621],[-74.558,-50.626],[-74.575,-50.645],[-74.55,-50.649],[-74.556,-50.629],[-74.521,-50.622],[-74.524,-50.597],[-74.466,-50.561],[-74.459,-50.581],[-74.418,-50.545],[-74.449,-50.545],[-74.46,-50.526],[-74.385,-50.532],[-74.377,-50.568],[-74.381,-50.542],[-74.359,-50.539],[-74.387,-50.516],[-74.496,-50.512],[-74.469,-50.477],[-74.518,-50.516],[-74.587,-50.508],[-74.607,-50.496],[-74.591,-50.477],[-74.635,-50.496],[-74.692,-50.488],[-74.542,-50.413],[-74.463,-50.475],[-74.358,-50.46],[-74.34,-50.54],[-74.295,-50.608],[-74.305,-50.626],[-74.266,-50.619],[-74.207,-50.682],[-74.255,-50.702],[-74.271,-50.676],[-74.29,-50.688],[-74.384,-50.641],[-74.382,-50.655],[-74.404,-50.654],[-74.322,-50.674],[-74.292,-50.699],[-74.268,-50.692],[-74.257,-50.715],[-74.29,-50.702],[-74.251,-50.739],[-74.254,-50.716],[-74.208,-50.707],[-74.151,-50.778],[-74.145,-50.845],[-74.183,-50.85],[-74.184,-50.825],[-74.192,-50.844],[-74.237,-50.849]]],[[[-74.689,-50.35],[-74.626,-50.359],[-74.632,-50.376],[-74.586,-50.361],[-74.54,-50.405],[-74.58,-50.425],[-74.599,-50.408],[-74.591,-50.429],[-74.693,-50.484],[-74.716,-50.48],[-74.711,-50.493],[-74.751,-50.516],[-74.785,-50.471],[-74.772,-50.474],[-74.785,-50.463],[-74.761,-50.452],[-74.767,-50.433],[-74.739,-50.462],[-74.749,-50.426],[-74.731,-50.419],[-74.798,-50.429],[-74.769,-50.399],[-74.747,-50.412],[-74.754,-50.382],[-74.689,-50.35]]],[[[-74.93,-50.268],[-74.882,-50.312],[-74.921,-50.36],[-74.979,-50.356],[-74.974,-50.337],[-74.997,-50.333],[-74.997,-50.347],[-75.022,-50.33],[-75.042,-50.337],[-75.006,-50.347],[-75.041,-50.352],[-75.01,-50.363],[-75.076,-50.357],[-75.038,-50.378],[-74.959,-50.371],[-74.954,-50.395],[-74.991,-50.389],[-74.965,-50.396],[-74.975,-50.408],[-75.057,-50.41],[-75.092,-50.382],[-75.137,-50.384],[-74.93,-50.268]]],[[[-74.651,-50.274],[-74.57,-50.293],[-74.59,-50.315],[-74.619,-50.289],[-74.61,-50.312],[-74.723,-50.319],[-74.757,-50.306],[-74.715,-50.279],[-74.647,-50.297],[-74.661,-50.277],[-74.634,-50.297],[-74.651,-50.274]]],[[[-75.297,-49.993],[-75.273,-49.997],[-75.304,-50.016],[-75.303,-50.06],[-75.288,-50.057],[-75.302,-50.041],[-75.288,-50.02],[-75.268,-50.031],[-75.284,-50.056],[-75.257,-50.07],[-75.221,-50.014],[-75.143,-50.015],[-75.09,-50.06],[-75.098,-50.077],[-75.139,-50.074],[-75.119,-50.086],[-75.132,-50.102],[-75.074,-50.071],[-75.089,-50.109],[-75.069,-50.077],[-75.05,-50.099],[-75.064,-50.129],[-75.048,-50.11],[-75.031,-50.14],[-75.027,-50.1],[-74.955,-50.068],[-74.932,-50.098],[-74.99,-50.156],[-75.013,-50.138],[-75.008,-50.155],[-75.051,-50.186],[-75.023,-50.177],[-75.02,-50.194],[-75.008,-50.156],[-74.988,-50.161],[-74.952,-50.131],[-74.961,-50.161],[-74.932,-50.105],[-74.912,-50.133],[-74.956,-50.161],[-74.946,-50.177],[-74.897,-50.13],[-74.855,-50.178],[-74.875,-50.131],[-74.808,-50.145],[-74.883,-50.121],[-74.839,-50.119],[-74.874,-50.103],[-74.832,-50.107],[-74.771,-50.147],[-74.791,-50.149],[-74.771,-50.171],[-74.785,-50.188],[-74.833,-50.167],[-74.817,-50.198],[-74.882,-50.189],[-74.814,-50.207],[-74.831,-50.231],[-74.883,-50.231],[-74.829,-50.242],[-74.914,-50.225],[-74.922,-50.207],[-74.928,-50.222],[-74.958,-50.205],[-74.988,-50.223],[-74.978,-50.204],[-75.008,-50.235],[-75.02,-50.225],[-75.016,-50.239],[-75.056,-50.269],[-74.971,-50.217],[-74.978,-50.233],[-74.935,-50.233],[-74.937,-50.256],[-74.959,-50.253],[-74.952,-50.263],[-75.022,-50.302],[-75.046,-50.28],[-75.022,-50.306],[-75.065,-50.31],[-75.054,-50.326],[-75.103,-50.313],[-75.069,-50.337],[-75.129,-50.36],[-75.118,-50.352],[-75.156,-50.342],[-75.135,-50.375],[-75.171,-50.388],[-75.169,-50.413],[-75.203,-50.446],[-75.176,-50.438],[-75.154,-50.392],[-75.078,-50.398],[-75.114,-50.408],[-75.091,-50.416],[-75.1,-50.435],[-75.151,-50.476],[-75.268,-50.431],[-75.238,-50.468],[-75.274,-50.437],[-75.285,-50.452],[-75.284,-50.439],[-75.34,-50.442],[-75.291,-50.383],[-75.249,-50.385],[-75.279,-50.377],[-75.267,-50.361],[-75.19,-50.338],[-75.212,-50.325],[-75.184,-50.293],[-75.21,-50.296],[-75.198,-50.3],[-75.222,-50.332],[-75.276,-50.336],[-75.276,-50.352],[-75.322,-50.352],[-75.25,-50.317],[-75.28,-50.321],[-75.284,-50.301],[-75.299,-50.32],[-75.321,-50.307],[-75.309,-50.324],[-75.345,-50.351],[-75.374,-50.342],[-75.367,-50.321],[-75.411,-50.347],[-75.418,-50.374],[-75.472,-50.364],[-75.48,-50.314],[-75.443,-50.296],[-75.462,-50.27],[-75.398,-50.26],[-75.441,-50.228],[-75.409,-50.203],[-75.415,-50.176],[-75.4,-50.172],[-75.418,-50.166],[-75.37,-50.144],[-75.246,-50.187],[-75.323,-50.205],[-75.347,-50.191],[-75.362,-50.209],[-75.329,-50.229],[-75.274,-50.221],[-75.259,-50.234],[-75.272,-50.254],[-75.228,-50.243],[-75.205,-50.27],[-75.134,-50.256],[-75.168,-50.242],[-75.162,-50.211],[-75.097,-50.159],[-75.094,-50.131],[-75.114,-50.154],[-75.141,-50.127],[-75.159,-50.147],[-75.138,-50.162],[-75.133,-50.138],[-75.122,-50.164],[-75.173,-50.18],[-75.187,-50.145],[-75.232,-50.161],[-75.256,-50.125],[-75.284,-50.145],[-75.296,-50.127],[-75.339,-50.125],[-75.33,-50.098],[-75.353,-50.08],[-75.407,-50.07],[-75.388,-50.061],[-75.408,-50.059],[-75.417,-50.026],[-75.368,-50.001],[-75.362,-50.037],[-75.351,-50.005],[-75.297,-49.993]]],[[[-75.529,-49.697],[-75.58,-49.698],[-75.578,-49.647],[-75.611,-49.638],[-75.602,-49.626],[-75.568,-49.625],[-75.565,-49.602],[-75.522,-49.581],[-75.514,-49.603],[-75.472,-49.588],[-75.452,-49.613],[-75.437,-49.595],[-75.466,-49.591],[-75.445,-49.569],[-75.433,-49.589],[-75.359,-49.615],[-75.371,-49.594],[-75.352,-49.572],[-75.275,-49.664],[-75.289,-49.694],[-75.281,-49.678],[-75.265,-49.685],[-75.157,-49.839],[-75.165,-49.859],[-75.144,-49.882],[-75.158,-49.896],[-75.168,-49.883],[-75.218,-49.874],[-75.233,-49.84],[-75.278,-49.81],[-75.243,-49.882],[-75.291,-49.883],[-75.348,-49.854],[-75.382,-49.808],[-75.352,-49.758],[-75.32,-49.762],[-75.356,-49.751],[-75.354,-49.687],[-75.379,-49.748],[-75.506,-49.785],[-75.561,-49.833],[-75.611,-49.848],[-75.62,-49.837],[-75.599,-49.82],[-75.623,-49.805],[-75.609,-49.803],[-75.633,-49.763],[-75.487,-49.716],[-75.478,-49.699],[-75.516,-49.724],[-75.529,-49.697]]],[[[-75.523,-49.432],[-75.494,-49.452],[-75.496,-49.435],[-75.479,-49.434],[-75.464,-49.466],[-75.439,-49.451],[-75.43,-49.471],[-75.457,-49.489],[-75.434,-49.487],[-75.436,-49.519],[-75.504,-49.496],[-75.544,-49.447],[-75.523,-49.432]]],[[[-74.382,-49.414],[-74.311,-49.456],[-74.305,-49.486],[-74.287,-49.483],[-74.233,-49.549],[-74.381,-49.636],[-74.417,-49.612],[-74.398,-49.536],[-74.438,-49.502],[-74.422,-49.454],[-74.391,-49.441],[-74.404,-49.422],[-74.382,-49.414]]],[[[-75.211,-49.163],[-75.134,-49.173],[-75.127,-49.201],[-75.037,-49.231],[-75.066,-49.245],[-75.162,-49.239],[-75.205,-49.211],[-75.211,-49.163]]],[[[-75.621,-48.974],[-75.504,-49.004],[-75.459,-49.034],[-75.484,-49.07],[-75.484,-49.054],[-75.521,-49.074],[-75.54,-49.05],[-75.589,-49.047],[-75.62,-49.034],[-75.621,-49.014],[-75.693,-49.014],[-75.67,-48.982],[-75.621,-48.974]]],[[[-75.075,-48.981],[-75.019,-49.013],[-75.025,-49.027],[-74.952,-49.038],[-74.942,-49.096],[-74.943,-48.999],[-74.886,-49.02],[-74.824,-49.076],[-74.844,-49.112],[-74.832,-49.117],[-74.889,-49.148],[-74.829,-49.123],[-74.868,-49.286],[-74.92,-49.263],[-74.929,-49.249],[-74.91,-49.24],[-74.954,-49.24],[-75.001,-49.178],[-75.05,-49.156],[-75.031,-49.15],[-75.04,-49.139],[-75.064,-49.153],[-75.179,-49.141],[-75.14,-49.113],[-75.071,-49.11],[-75.126,-49.103],[-75.095,-49.084],[-75.206,-49.129],[-75.118,-49.017],[-75.1,-49.027],[-75.101,-49.003],[-75.027,-49.042],[-75.095,-48.997],[-75.075,-48.981]]],[[[-75.585,-49.15],[-75.574,-49.116],[-75.501,-49.074],[-75.55,-49.154],[-75.497,-49.101],[-75.437,-49.109],[-75.495,-49.095],[-75.484,-49.08],[-75.361,-49.035],[-75.42,-49.031],[-75.34,-48.955],[-75.281,-48.934],[-75.269,-48.997],[-75.339,-49.02],[-75.272,-49.008],[-75.237,-49.073],[-75.279,-49.117],[-75.321,-49.128],[-75.304,-49.089],[-75.374,-49.177],[-75.39,-49.162],[-75.354,-49.095],[-75.329,-49.098],[-75.347,-49.094],[-75.343,-49.071],[-75.392,-49.157],[-75.393,-49.143],[-75.414,-49.164],[-75.453,-49.141],[-75.417,-49.171],[-75.445,-49.207],[-75.425,-49.218],[-75.466,-49.245],[-75.567,-49.213],[-75.594,-49.226],[-75.595,-49.208],[-75.632,-49.191],[-75.604,-49.162],[-75.584,-49.199],[-75.562,-49.2],[-75.595,-49.166],[-75.585,-49.15]]],[[[-75.228,-48.769],[-75.057,-48.83],[-75.014,-48.872],[-75.017,-48.895],[-75.058,-48.883],[-75.038,-48.898],[-75.056,-48.904],[-75.125,-48.881],[-75.086,-48.9],[-75.116,-48.908],[-74.994,-48.933],[-75.077,-48.938],[-75.12,-48.956],[-75.106,-48.966],[-75.139,-48.995],[-75.176,-48.976],[-75.17,-48.946],[-75.199,-48.905],[-75.177,-48.955],[-75.179,-48.98],[-75.203,-48.985],[-75.156,-48.982],[-75.143,-49.001],[-75.231,-49.066],[-75.25,-49.048],[-75.251,-48.987],[-75.275,-48.94],[-75.255,-48.903],[-75.326,-48.943],[-75.32,-48.911],[-75.448,-49.037],[-75.545,-48.973],[-75.445,-48.939],[-75.455,-48.96],[-75.419,-48.928],[-75.45,-48.935],[-75.433,-48.91],[-75.469,-48.903],[-75.444,-48.918],[-75.503,-48.96],[-75.611,-48.923],[-75.631,-48.934],[-75.613,-48.911],[-75.632,-48.849],[-75.6,-48.852],[-75.547,-48.802],[-75.528,-48.842],[-75.54,-48.803],[-75.506,-48.82],[-75.517,-48.79],[-75.495,-48.781],[-75.467,-48.807],[-75.39,-48.804],[-75.456,-48.86],[-75.512,-48.879],[-75.471,-48.867],[-75.473,-48.88],[-75.343,-48.795],[-75.336,-48.81],[-75.394,-48.871],[-75.344,-48.827],[-75.327,-48.851],[-75.36,-48.885],[-75.32,-48.867],[-75.285,-48.908],[-75.319,-48.866],[-75.324,-48.822],[-75.338,-48.826],[-75.323,-48.804],[-75.222,-48.844],[-75.201,-48.901],[-75.213,-48.851],[-75.181,-48.86],[-75.233,-48.827],[-75.245,-48.803],[-75.229,-48.802],[-75.26,-48.776],[-75.228,-48.769]]],[[[-71.694,-52.004],[-69.995,-52.001],[-69.486,-52.152],[-69.19,-52.15],[-68.987,-52.204],[-68.838,-52.278],[-68.586,-52.307],[-68.572,-52.326],[-68.419,-52.332],[-68.418,-52.387],[-68.434,-52.398],[-68.447,-52.364],[-68.49,-52.337],[-68.559,-52.343],[-68.668,-52.315],[-68.788,-52.319],[-68.964,-52.293],[-69.08,-52.219],[-69.211,-52.196],[-69.342,-52.247],[-69.453,-52.263],[-69.48,-52.296],[-69.484,-52.388],[-69.557,-52.405],[-69.574,-52.436],[-69.544,-52.456],[-69.671,-52.538],[-69.775,-52.529],[-69.854,-52.487],[-70.023,-52.559],[-70.164,-52.588],[-70.212,-52.653],[-70.32,-52.641],[-70.337,-52.656],[-70.325,-52.659],[-70.362,-52.658],[-70.526,-52.726],[-70.565,-52.711],[-70.501,-52.678],[-70.509,-52.659],[-70.574,-52.67],[-70.59,-52.689],[-70.552,-52.699],[-70.593,-52.716],[-70.625,-52.703],[-70.7,-52.734],[-70.712,-52.759],[-70.703,-52.742],[-70.723,-52.748],[-70.747,-52.711],[-70.77,-52.742],[-70.82,-52.76],[-70.838,-52.753],[-70.829,-52.735],[-70.849,-52.735],[-70.843,-52.719],[-70.899,-52.73],[-70.868,-52.737],[-70.867,-52.761],[-70.788,-52.76],[-70.834,-52.775],[-70.802,-52.787],[-70.735,-52.783],[-70.759,-52.812],[-70.821,-52.812],[-70.836,-52.833],[-70.797,-52.818],[-70.816,-52.834],[-70.803,-52.851],[-70.838,-52.861],[-70.846,-52.91],[-70.893,-52.918],[-70.781,-52.937],[-70.826,-52.963],[-70.815,-53.007],[-70.879,-53.102],[-70.854,-53.131],[-70.935,-53.2],[-70.949,-53.253],[-70.936,-53.318],[-70.988,-53.39],[-70.924,-53.586],[-70.938,-53.612],[-70.912,-53.633],[-70.953,-53.624],[-70.941,-53.651],[-70.974,-53.681],[-70.972,-53.786],[-71.078,-53.818],[-71.075,-53.834],[-71.117,-53.833],[-71.12,-53.85],[-71.294,-53.896],[-71.41,-53.851],[-71.666,-53.807],[-71.852,-53.748],[-71.925,-53.701],[-71.876,-53.681],[-71.937,-53.703],[-71.936,-53.719],[-72.0,-53.683],[-72.015,-53.685],[-71.992,-53.696],[-72.03,-53.707],[-72.11,-53.684],[-72.18,-53.648],[-72.196,-53.62],[-72.301,-53.575],[-72.309,-53.554],[-72.264,-53.533],[-72.313,-53.561],[-72.349,-53.545],[-72.372,-53.496],[-72.39,-53.507],[-72.413,-53.491],[-72.478,-53.399],[-72.463,-53.372],[-72.454,-53.389],[-72.42,-53.371],[-72.445,-53.35],[-72.444,-53.325],[-72.308,-53.254],[-72.171,-53.257],[-72.177,-53.274],[-72.119,-53.254],[-72.095,-53.359],[-72.113,-53.387],[-72.155,-53.385],[-72.151,-53.408],[-72.202,-53.432],[-72.285,-53.43],[-72.219,-53.452],[-72.098,-53.416],[-72.076,-53.386],[-72.018,-53.379],[-72.045,-53.285],[-72.021,-53.234],[-71.87,-53.226],[-71.825,-53.274],[-71.828,-53.363],[-71.765,-53.438],[-71.784,-53.432],[-71.808,-53.468],[-71.908,-53.498],[-71.916,-53.515],[-72.121,-53.557],[-72.034,-53.539],[-72.004,-53.551],[-72.007,-53.566],[-71.972,-53.566],[-71.817,-53.521],[-71.748,-53.447],[-71.77,-53.411],[-71.755,-53.403],[-71.768,-53.379],[-71.75,-53.371],[-71.784,-53.306],[-71.747,-53.315],[-71.769,-53.287],[-71.732,-53.241],[-71.741,-53.209],[-71.615,-53.204],[-71.59,-53.165],[-71.544,-53.17],[-71.504,-53.142],[-71.417,-53.143],[-71.357,-53.123],[-71.261,-53.032],[-71.245,-52.988],[-71.115,-52.908],[-71.131,-52.851],[-71.17,-52.81],[-71.215,-52.814],[-71.259,-52.792],[-71.37,-52.803],[-71.398,-52.753],[-71.384,-52.72],[-71.5,-52.633],[-71.559,-52.563],[-71.638,-52.577],[-71.922,-52.543],[-71.969,-52.559],[-72.028,-52.546],[-72.03,-52.568],[-72.107,-52.529],[-72.106,-52.558],[-72.121,-52.517],[-72.139,-52.545],[-72.158,-52.521],[-72.239,-52.551],[-72.279,-52.528],[-72.323,-52.533],[-72.354,-52.549],[-72.352,-52.581],[-72.445,-52.631],[-72.399,-52.627],[-72.431,-52.676],[-72.563,-52.603],[-72.49,-52.556],[-72.381,-52.557],[-72.377,-52.534],[-72.403,-52.508],[-72.492,-52.553],[-72.523,-52.546],[-72.572,-52.589],[-72.658,-52.558],[-72.607,-52.523],[-72.763,-52.578],[-72.836,-52.54],[-72.865,-52.543],[-72.838,-52.555],[-72.872,-52.554],[-72.843,-52.574],[-72.886,-52.587],[-72.826,-52.596],[-72.867,-52.609],[-72.925,-52.59],[-72.87,-52.613],[-72.895,-52.63],[-72.901,-52.671],[-72.955,-52.702],[-72.958,-52.73],[-72.994,-52.757],[-72.938,-52.72],[-72.856,-52.618],[-72.785,-52.623],[-72.811,-52.648],[-72.757,-52.623],[-72.743,-52.632],[-72.774,-52.65],[-72.74,-52.637],[-72.672,-52.68],[-72.871,-52.817],[-72.939,-52.789],[-72.92,-52.814],[-73.018,-52.862],[-73.068,-52.855],[-72.942,-52.907],[-72.975,-52.944],[-72.959,-52.966],[-72.972,-52.978],[-72.95,-52.977],[-72.94,-53.003],[-72.964,-53.006],[-72.95,-53.034],[-72.987,-53.074],[-73.007,-53.078],[-73.043,-53.041],[-73.026,-53.073],[-73.137,-53.115],[-73.129,-53.1],[-73.182,-53.062],[-73.16,-53.031],[-73.149,-53.043],[-73.134,-53.029],[-73.204,-53.018],[-73.178,-53.035],[-73.214,-53.038],[-73.184,-53.046],[-73.201,-53.077],[-73.167,-53.092],[-73.187,-53.111],[-73.227,-53.109],[-73.245,-53.087],[-73.248,-53.099],[-73.312,-53.089],[-73.338,-53.072],[-73.327,-53.063],[-73.378,-53.069],[-73.342,-53.046],[-73.381,-53.06],[-73.448,-53.021],[-73.372,-53.0],[-73.286,-53.012],[-73.387,-52.98],[-73.337,-52.976],[-73.32,-52.953],[-73.283,-52.97],[-73.294,-52.953],[-73.235,-52.981],[-73.275,-52.954],[-73.229,-52.95],[-73.222,-52.92],[-73.144,-52.922],[-73.17,-52.903],[-73.246,-52.918],[-73.268,-52.94],[-73.308,-52.92],[-73.277,-52.895],[-73.333,-52.919],[-73.36,-52.873],[-73.443,-52.866],[-73.439,-52.879],[-73.572,-52.816],[-73.494,-52.793],[-73.421,-52.819],[-73.473,-52.844],[-73.413,-52.825],[-73.39,-52.794],[-73.358,-52.812],[-73.388,-52.847],[-73.357,-52.816],[-73.316,-52.831],[-73.298,-52.801],[-73.229,-52.807],[-73.257,-52.792],[-73.233,-52.796],[-73.244,-52.762],[-73.3,-52.785],[-73.29,-52.726],[-73.268,-52.728],[-73.282,-52.736],[-73.263,-52.76],[-73.243,-52.699],[-73.266,-52.689],[-73.303,-52.708],[-73.331,-52.655],[-73.31,-52.632],[-73.336,-52.634],[-73.379,-52.564],[-73.396,-52.574],[-73.363,-52.613],[-73.402,-52.6],[-73.36,-52.621],[-73.336,-52.677],[-73.388,-52.705],[-73.327,-52.694],[-73.376,-52.73],[-73.411,-52.735],[-73.396,-52.717],[-73.431,-52.718],[-73.36,-52.661],[-73.423,-52.684],[-73.412,-52.659],[-73.438,-52.646],[-73.461,-52.694],[-73.524,-52.671],[-73.526,-52.688],[-73.503,-52.687],[-73.504,-52.717],[-73.511,-52.696],[-73.555,-52.71],[-73.575,-52.738],[-73.644,-52.73],[-73.577,-52.755],[-73.597,-52.752],[-73.582,-52.771],[-73.597,-52.783],[-73.652,-52.725],[-73.642,-52.758],[-73.722,-52.756],[-73.63,-52.678],[-73.612,-52.673],[-73.625,-52.684],[-73.605,-52.69],[-73.549,-52.657],[-73.582,-52.666],[-73.575,-52.655],[-73.663,-52.645],[-73.669,-52.626],[-73.643,-52.627],[-73.67,-52.622],[-73.608,-52.595],[-73.625,-52.588],[-73.561,-52.592],[-73.621,-52.551],[-73.522,-52.588],[-73.579,-52.524],[-73.538,-52.513],[-73.558,-52.505],[-73.539,-52.489],[-73.453,-52.514],[-73.464,-52.489],[-73.541,-52.478],[-73.503,-52.455],[-73.494,-52.425],[-73.559,-52.476],[-73.6,-52.463],[-73.584,-52.44],[-73.61,-52.463],[-73.65,-52.43],[-73.633,-52.407],[-73.653,-52.403],[-73.633,-52.39],[-73.57,-52.404],[-73.55,-52.392],[-73.579,-52.341],[-73.534,-52.342],[-73.592,-52.319],[-73.599,-52.299],[-73.578,-52.279],[-73.59,-52.255],[-73.556,-52.239],[-73.55,-52.213],[-73.596,-52.216],[-73.608,-52.183],[-73.591,-52.157],[-73.627,-52.175],[-73.648,-52.122],[-73.679,-52.117],[-73.734,-52.045],[-73.703,-52.023],[-73.664,-52.036],[-73.673,-52.07],[-73.656,-52.065],[-73.587,-52.128],[-73.585,-52.162],[-73.572,-52.143],[-73.542,-52.144],[-73.536,-52.191],[-73.491,-52.188],[-73.499,-52.164],[-73.471,-52.169],[-73.519,-52.14],[-73.452,-52.133],[-73.363,-52.222],[-73.252,-52.2],[-73.227,-52.164],[-73.237,-52.15],[-73.218,-52.146],[-73.23,-52.112],[-73.163,-52.118],[-73.158,-52.143],[-73.125,-52.102],[-73.004,-52.06],[-73.014,-52.149],[-73.119,-52.129],[-73.14,-52.148],[-73.118,-52.139],[-73.058,-52.161],[-73.134,-52.234],[-73.1,-52.224],[-73.089,-52.24],[-73.057,-52.183],[-72.997,-52.181],[-72.932,-52.226],[-72.942,-52.265],[-72.997,-52.304],[-72.961,-52.279],[-72.902,-52.297],[-72.887,-52.286],[-72.906,-52.29],[-72.914,-52.27],[-72.878,-52.281],[-72.883,-52.259],[-72.861,-52.246],[-72.884,-52.243],[-72.847,-52.15],[-72.803,-52.108],[-72.815,-52.087],[-72.794,-52.101],[-72.739,-52.082],[-72.757,-52.081],[-72.764,-52.057],[-72.837,-52.086],[-72.845,-52.119],[-72.876,-52.14],[-72.875,-52.189],[-72.912,-52.221],[-72.93,-52.191],[-72.97,-52.179],[-72.967,-52.085],[-72.946,-52.084],[-72.959,-52.052],[-72.938,-52.032],[-72.935,-52.076],[-72.913,-52.083],[-72.905,-52.004],[-72.887,-52.002],[-72.898,-51.98],[-72.82,-51.94],[-72.771,-51.948],[-72.727,-51.997],[-72.733,-52.06],[-72.713,-52.092],[-72.687,-52.095],[-72.657,-52.137],[-72.651,-52.106],[-72.625,-52.113],[-72.564,-52.195],[-72.522,-52.221],[-72.565,-52.23],[-72.572,-52.268],[-72.599,-52.287],[-72.577,-52.304],[-72.589,-52.333],[-72.629,-52.348],[-72.592,-52.356],[-72.611,-52.356],[-72.614,-52.374],[-72.637,-52.36],[-72.623,-52.383],[-72.685,-52.346],[-72.717,-52.35],[-72.704,-52.365],[-72.722,-52.357],[-72.751,-52.405],[-72.808,-52.406],[-72.781,-52.405],[-72.785,-52.428],[-72.817,-52.432],[-72.853,-52.406],[-72.828,-52.44],[-72.917,-52.482],[-72.995,-52.491],[-72.931,-52.506],[-72.734,-52.433],[-72.617,-52.459],[-72.672,-52.438],[-72.635,-52.438],[-72.557,-52.487],[-72.517,-52.453],[-72.547,-52.462],[-72.582,-52.437],[-72.605,-52.448],[-72.691,-52.415],[-72.635,-52.399],[-72.624,-52.418],[-72.584,-52.401],[-72.591,-52.376],[-72.551,-52.383],[-72.553,-52.361],[-72.516,-52.348],[-72.519,-52.261],[-72.475,-52.234],[-72.474,-52.217],[-72.664,-52.054],[-72.657,-51.939],[-72.624,-51.91],[-72.6,-51.914],[-72.606,-51.957],[-72.571,-51.971],[-72.55,-51.968],[-72.586,-51.942],[-72.575,-51.922],[-72.533,-51.949],[-72.453,-51.907],[-72.46,-51.881],[-72.514,-51.837],[-72.453,-51.776],[-72.512,-51.734],[-72.516,-51.702],[-72.648,-51.664],[-72.656,-51.643],[-72.64,-51.625],[-72.687,-51.563],[-72.668,-51.623],[-72.653,-51.625],[-72.667,-51.654],[-72.706,-51.569],[-72.824,-51.56],[-72.867,-51.537],[-72.907,-51.545],[-72.942,-51.504],[-73.031,-51.497],[-73.075,-51.473],[-73.091,-51.45],[-73.075,-51.365],[-73.109,-51.333],[-73.079,-51.364],[-73.091,-51.387],[-73.078,-51.407],[-73.177,-51.467],[-73.24,-51.459],[-73.243,-51.475],[-73.271,-51.478],[-73.264,-51.493],[-73.206,-51.512],[-73.13,-51.477],[-73.122,-51.495],[-73.057,-51.493],[-73.033,-51.53],[-73.095,-51.589],[-73.121,-51.589],[-73.114,-51.605],[-73.035,-51.56],[-73.021,-51.519],[-73.0,-51.51],[-72.93,-51.563],[-72.836,-51.595],[-72.824,-51.573],[-72.749,-51.603],[-72.689,-51.696],[-72.645,-51.68],[-72.609,-51.712],[-72.585,-51.7],[-72.531,-51.718],[-72.526,-51.736],[-72.558,-51.759],[-72.541,-51.766],[-72.642,-51.83],[-72.714,-51.813],[-72.733,-51.842],[-72.742,-51.809],[-72.77,-51.813],[-72.818,-51.76],[-72.888,-51.749],[-72.891,-51.771],[-72.907,-51.769],[-72.919,-51.741],[-72.968,-51.773],[-72.993,-51.726],[-73.047,-51.715],[-73.089,-51.676],[-73.131,-51.702],[-73.151,-51.689],[-73.136,-51.685],[-73.147,-51.67],[-73.194,-51.682],[-73.186,-51.638],[-73.204,-51.598],[-73.232,-51.625],[-73.292,-51.571],[-73.291,-51.611],[-73.221,-51.648],[-73.224,-51.673],[-73.284,-51.692],[-73.225,-51.681],[-73.14,-51.72],[-73.091,-51.696],[-73.041,-51.724],[-73.0,-51.784],[-73.029,-51.804],[-73.04,-51.767],[-73.074,-51.751],[-73.166,-51.77],[-73.145,-51.787],[-73.072,-51.756],[-73.035,-51.822],[-73.072,-51.836],[-73.075,-51.863],[-73.105,-51.85],[-73.112,-51.871],[-73.22,-51.877],[-73.209,-51.893],[-73.098,-51.886],[-72.983,-51.799],[-72.912,-51.853],[-72.937,-51.892],[-72.971,-51.885],[-73.124,-51.938],[-73.16,-52.013],[-73.15,-52.073],[-73.131,-52.08],[-73.15,-52.079],[-73.162,-52.105],[-73.228,-52.1],[-73.247,-52.069],[-73.252,-51.975],[-73.271,-51.953],[-73.257,-51.932],[-73.271,-51.905],[-73.288,-51.917],[-73.293,-51.905],[-73.294,-51.875],[-73.259,-51.882],[-73.29,-51.87],[-73.319,-51.754],[-73.335,-51.698],[-73.39,-51.64],[-73.402,-51.647],[-73.341,-51.729],[-73.337,-51.758],[-73.353,-51.763],[-73.333,-51.763],[-73.344,-51.782],[-73.306,-51.847],[-73.346,-51.836],[-73.309,-51.866],[-73.318,-51.884],[-73.261,-52.097],[-73.267,-52.156],[-73.38,-52.133],[-73.471,-52.047],[-73.473,-52.075],[-73.522,-52.065],[-73.511,-52.028],[-73.566,-52.018],[-73.589,-51.96],[-73.567,-51.968],[-73.601,-51.939],[-73.593,-51.924],[-73.546,-51.935],[-73.601,-51.917],[-73.642,-51.866],[-73.645,-51.821],[-73.595,-51.801],[-73.5,-51.921],[-73.491,-51.941],[-73.529,-51.942],[-73.479,-51.952],[-73.418,-51.997],[-73.429,-51.964],[-73.409,-51.962],[-73.447,-51.948],[-73.48,-51.899],[-73.415,-51.906],[-73.481,-51.891],[-73.542,-51.809],[-73.494,-51.8],[-73.545,-51.802],[-73.595,-51.745],[-73.504,-51.724],[-73.499,-51.697],[-73.444,-51.676],[-73.548,-51.714],[-73.554,-51.68],[-73.559,-51.715],[-73.603,-51.718],[-73.63,-51.694],[-73.621,-51.642],[-73.641,-51.658],[-73.669,-51.749],[-73.7,-51.75],[-73.682,-51.786],[-73.706,-51.794],[-73.731,-51.74],[-73.741,-51.752],[-73.756,-51.736],[-73.76,-51.714],[-73.739,-51.708],[-73.814,-51.706],[-73.779,-51.676],[-73.805,-51.687],[-73.812,-51.675],[-73.789,-51.664],[-73.817,-51.677],[-73.826,-51.666],[-73.81,-51.651],[-73.737,-51.663],[-73.752,-51.65],[-73.738,-51.647],[-73.879,-51.633],[-73.887,-51.62],[-73.866,-51.616],[-73.893,-51.605],[-73.897,-51.624],[-73.921,-51.624],[-73.91,-51.57],[-73.886,-51.589],[-73.814,-51.592],[-73.866,-51.577],[-73.858,-51.549],[-73.771,-51.541],[-73.82,-51.54],[-73.808,-51.529],[-73.907,-51.548],[-73.893,-51.538],[-73.931,-51.513],[-73.886,-51.512],[-73.921,-51.505],[-73.917,-51.48],[-73.936,-51.511],[-73.947,-51.493],[-73.973,-51.507],[-73.979,-51.487],[-73.886,-51.47],[-73.939,-51.44],[-73.903,-51.412],[-73.959,-51.415],[-73.914,-51.407],[-73.893,-51.368],[-73.858,-51.404],[-73.807,-51.394],[-73.751,-51.477],[-73.738,-51.442],[-73.686,-51.526],[-73.655,-51.544],[-73.663,-51.574],[-73.634,-51.597],[-73.654,-51.605],[-73.621,-51.615],[-73.622,-51.633],[-73.585,-51.618],[-73.621,-51.594],[-73.635,-51.539],[-73.68,-51.478],[-73.653,-51.522],[-73.597,-51.522],[-73.58,-51.542],[-73.575,-51.513],[-73.637,-51.509],[-73.64,-51.489],[-73.623,-51.485],[-73.635,-51.459],[-73.559,-51.45],[-73.637,-51.454],[-73.677,-51.433],[-73.678,-51.4],[-73.708,-51.375],[-73.705,-51.344],[-73.685,-51.373],[-73.687,-51.353],[-73.715,-51.317],[-73.672,-51.296],[-73.71,-51.291],[-73.774,-51.228],[-73.721,-51.188],[-73.691,-51.227],[-73.687,-51.282],[-73.663,-51.28],[-73.69,-51.212],[-73.653,-51.203],[-73.709,-51.177],[-73.674,-51.143],[-73.705,-51.153],[-73.71,-51.135],[-73.718,-51.165],[-73.827,-51.063],[-73.755,-51.15],[-73.765,-51.187],[-73.9,-51.258],[-73.955,-51.149],[-73.98,-51.161],[-73.996,-51.149],[-74.002,-51.104],[-74.018,-51.145],[-74.001,-51.16],[-74.002,-51.206],[-74.076,-51.208],[-74.073,-51.19],[-74.125,-51.183],[-74.11,-51.131],[-74.13,-51.106],[-74.075,-51.064],[-74.112,-51.1],[-74.138,-51.069],[-74.128,-51.055],[-74.145,-51.065],[-74.077,-50.997],[-74.035,-51.001],[-74.077,-50.982],[-74.04,-50.947],[-74.059,-50.957],[-74.065,-50.935],[-74.066,-50.96],[-74.089,-50.972],[-74.097,-50.956],[-74.097,-50.992],[-74.122,-51.001],[-74.099,-50.977],[-74.124,-50.99],[-74.156,-51.043],[-74.165,-51.032],[-74.191,-51.057],[-74.215,-51.042],[-74.217,-50.985],[-74.244,-50.967],[-74.232,-50.924],[-74.187,-50.895],[-74.204,-50.895],[-74.096,-50.87],[-73.956,-50.887],[-73.923,-50.906],[-73.943,-50.878],[-73.864,-50.876],[-73.846,-50.927],[-73.871,-50.939],[-73.766,-50.963],[-73.699,-50.957],[-73.671,-50.932],[-73.762,-50.935],[-73.798,-50.915],[-73.793,-50.894],[-73.83,-50.864],[-73.878,-50.845],[-73.836,-50.799],[-73.804,-50.798],[-73.758,-50.833],[-73.718,-50.827],[-73.786,-50.803],[-73.772,-50.744],[-73.799,-50.683],[-73.759,-50.655],[-73.695,-50.657],[-73.641,-50.633],[-73.602,-50.653],[-73.609,-50.676],[-73.593,-50.654],[-73.557,-50.662],[-73.543,-50.702],[-73.525,-50.692],[-73.534,-50.665],[-73.501,-50.681],[-73.465,-50.672],[-73.564,-50.642],[-73.568,-50.607],[-73.579,-50.625],[-73.653,-50.617],[-73.747,-50.543],[-73.705,-50.492],[-73.627,-50.502],[-73.575,-50.473],[-73.589,-50.448],[-73.546,-50.381],[-73.609,-50.429],[-73.633,-50.492],[-73.71,-50.489],[-73.768,-50.524],[-73.769,-50.562],[-73.8,-50.601],[-73.793,-50.633],[-73.83,-50.677],[-73.822,-50.775],[-73.878,-50.802],[-73.903,-50.793],[-73.933,-50.846],[-74.007,-50.822],[-74.03,-50.851],[-74.126,-50.766],[-74.101,-50.763],[-74.081,-50.729],[-74.046,-50.726],[-74.051,-50.692],[-74.094,-50.702],[-74.126,-50.688],[-74.108,-50.707],[-74.112,-50.745],[-74.131,-50.757],[-74.144,-50.745],[-74.117,-50.743],[-74.153,-50.733],[-74.159,-50.689],[-74.229,-50.587],[-74.22,-50.569],[-74.197,-50.584],[-74.202,-50.571],[-74.16,-50.549],[-74.1,-50.579],[-74.091,-50.605],[-74.088,-50.579],[-74.133,-50.542],[-74.201,-50.566],[-74.232,-50.558],[-74.298,-50.469],[-74.234,-50.481],[-74.176,-50.468],[-74.172,-50.511],[-74.146,-50.536],[-74.139,-50.517],[-74.105,-50.53],[-74.106,-50.51],[-74.148,-50.516],[-74.166,-50.481],[-73.996,-50.532],[-73.987,-50.599],[-73.971,-50.533],[-73.881,-50.559],[-73.862,-50.558],[-73.876,-50.541],[-74.007,-50.514],[-74.021,-50.502],[-74.003,-50.465],[-74.014,-50.454],[-74.033,-50.49],[-74.021,-50.495],[-74.044,-50.495],[-74.159,-50.432],[-74.088,-50.418],[-74.052,-50.378],[-73.981,-50.383],[-73.967,-50.365],[-74.063,-50.364],[-74.102,-50.413],[-74.158,-50.406],[-74.155,-50.427],[-74.172,-50.431],[-74.212,-50.412],[-74.259,-50.436],[-74.198,-50.424],[-74.2,-50.441],[-74.246,-50.447],[-74.309,-50.425],[-74.259,-50.418],[-74.309,-50.423],[-74.326,-50.405],[-74.294,-50.342],[-74.248,-50.317],[-74.272,-50.324],[-74.251,-50.302],[-74.265,-50.31],[-74.271,-50.295],[-74.281,-50.312],[-74.264,-50.275],[-74.29,-50.24],[-74.299,-50.268],[-74.308,-50.246],[-74.293,-50.302],[-74.303,-50.315],[-74.309,-50.297],[-74.325,-50.325],[-74.331,-50.382],[-74.356,-50.385],[-74.38,-50.361],[-74.354,-50.405],[-74.474,-50.344],[-74.423,-50.314],[-74.482,-50.337],[-74.541,-50.308],[-74.546,-50.287],[-74.489,-50.29],[-74.516,-50.278],[-74.463,-50.266],[-74.543,-50.267],[-74.558,-50.253],[-74.535,-50.228],[-74.58,-50.244],[-74.637,-50.234],[-74.56,-50.184],[-74.572,-50.174],[-74.641,-50.221],[-74.705,-50.203],[-74.681,-50.16],[-74.573,-50.103],[-74.537,-50.097],[-74.518,-50.12],[-74.559,-50.152],[-74.497,-50.142],[-74.482,-50.124],[-74.504,-50.128],[-74.527,-50.091],[-74.511,-50.081],[-74.525,-50.079],[-74.466,-50.081],[-74.463,-50.11],[-74.409,-50.083],[-74.407,-50.108],[-74.384,-50.086],[-74.457,-50.089],[-74.478,-50.067],[-74.557,-50.069],[-74.544,-50.078],[-74.556,-50.087],[-74.613,-50.102],[-74.433,-50.015],[-74.36,-50.061],[-74.381,-50.087],[-74.351,-50.097],[-74.358,-50.129],[-74.346,-50.079],[-74.259,-50.128],[-74.265,-50.149],[-74.342,-50.186],[-74.246,-50.148],[-74.26,-50.194],[-74.209,-50.201],[-74.178,-50.232],[-74.192,-50.248],[-74.165,-50.283],[-74.153,-50.27],[-74.166,-50.247],[-74.097,-50.222],[-74.046,-50.234],[-74.055,-50.257],[-74.042,-50.243],[-74.002,-50.277],[-73.96,-50.269],[-74.024,-50.234],[-74.019,-50.211],[-74.086,-50.192],[-74.164,-50.207],[-74.159,-50.194],[-74.207,-50.157],[-74.155,-50.143],[-74.155,-50.126],[-74.202,-50.145],[-74.191,-50.12],[-74.24,-50.089],[-74.232,-50.064],[-74.241,-50.08],[-74.282,-50.071],[-74.317,-50.03],[-74.285,-50.021],[-74.323,-50.028],[-74.357,-49.996],[-74.357,-49.975],[-74.314,-49.924],[-74.289,-49.953],[-74.296,-49.974],[-74.27,-49.948],[-74.214,-49.942],[-74.18,-49.965],[-74.189,-49.988],[-74.158,-49.968],[-74.115,-50.016],[-74.085,-49.995],[-74.029,-50.019],[-74.033,-50.059],[-74.017,-50.023],[-73.991,-50.027],[-73.975,-50.074],[-73.98,-50.034],[-73.92,-50.024],[-73.858,-50.039],[-73.871,-50.004],[-74.013,-49.999],[-73.944,-49.925],[-73.805,-49.917],[-73.9,-49.911],[-73.874,-49.866],[-73.813,-49.831],[-73.881,-49.859],[-73.912,-49.917],[-73.976,-49.908],[-74.022,-49.983],[-74.095,-49.969],[-74.116,-49.947],[-74.105,-49.94],[-74.132,-49.928],[-74.124,-49.909],[-74.163,-49.894],[-74.177,-49.918],[-74.186,-49.901],[-74.21,-49.916],[-74.276,-49.907],[-74.327,-49.882],[-74.334,-49.806],[-74.319,-49.782],[-74.308,-49.807],[-74.266,-49.801],[-74.226,-49.759],[-74.168,-49.746],[-74.145,-49.767],[-74.142,-49.749],[-74.081,-49.763],[-74.081,-49.745],[-74.062,-49.744],[-74.035,-49.769],[-74.037,-49.746],[-74.051,-49.749],[-74.02,-49.72],[-74.036,-49.714],[-74.061,-49.74],[-74.13,-49.737],[-74.145,-49.719],[-74.153,-49.734],[-74.249,-49.735],[-74.28,-49.767],[-74.303,-49.748],[-74.288,-49.706],[-74.307,-49.645],[-74.262,-49.612],[-74.22,-49.618],[-74.233,-49.597],[-74.21,-49.58],[-74.136,-49.563],[-74.152,-49.592],[-74.066,-49.54],[-74.007,-49.55],[-73.977,-49.576],[-74.032,-49.652],[-73.972,-49.603],[-73.965,-49.561],[-73.905,-49.552],[-73.86,-49.65],[-73.799,-49.668],[-73.775,-49.695],[-73.79,-49.713],[-73.771,-49.707],[-73.762,-49.693],[-73.792,-49.658],[-73.762,-49.67],[-73.732,-49.664],[-73.738,-49.65],[-73.807,-49.646],[-73.873,-49.527],[-73.905,-49.509],[-73.969,-49.526],[-74.074,-49.505],[-74.055,-49.445],[-74.073,-49.409],[-74.044,-49.348],[-74.047,-49.285],[-74.006,-49.257],[-73.94,-49.288],[-73.921,-49.327],[-73.792,-49.354],[-73.78,-49.402],[-73.754,-49.413],[-73.787,-49.346],[-73.9,-49.316],[-73.907,-49.285],[-73.92,-49.284],[-73.917,-49.313],[-73.925,-49.279],[-74.018,-49.208],[-74.069,-49.248],[-74.114,-49.193],[-74.118,-49.213],[-74.158,-49.199],[-74.097,-49.246],[-74.105,-49.355],[-74.147,-49.418],[-74.147,-49.53],[-74.178,-49.546],[-74.215,-49.535],[-74.307,-49.435],[-74.284,-49.407],[-74.323,-49.429],[-74.391,-49.39],[-74.387,-49.377],[-74.368,-49.391],[-74.384,-49.362],[-74.345,-49.322],[-74.363,-49.175],[-74.334,-49.173],[-74.37,-49.106],[-74.353,-49.099],[-74.36,-49.067],[-74.344,-49.054],[-74.374,-49.06],[-74.381,-49.092],[-74.402,-49.082],[-74.423,-49.013],[-74.413,-48.977],[-74.378,-48.969],[-74.378,-48.995],[-74.357,-48.983],[-74.352,-48.944],[-74.378,-48.92],[-74.347,-48.934],[-74.325,-48.917],[-74.289,-48.936],[-74.405,-48.875],[-74.396,-48.858],[-74.341,-48.863],[-74.391,-48.855],[-74.405,-48.805],[-74.326,-48.745],[-74.339,-48.712],[-74.313,-48.71],[-74.309,-48.737],[-74.302,-48.714],[-74.278,-48.726],[-74.289,-48.751],[-74.264,-48.766],[-74.283,-48.737],[-74.275,-48.75],[-74.154,-48.701],[-74.025,-48.739],[-73.971,-48.716],[-73.143,-49.212],[-73.134,-49.266],[-73.09,-49.253],[-73.04,-49.277],[-73.082,-49.283],[-73.077,-49.381],[-73.04,-49.427],[-73.054,-49.465],[-73.13,-49.525],[-73.217,-49.669],[-73.309,-49.736],[-73.486,-49.812],[-73.507,-49.892],[-73.549,-49.907],[-73.558,-49.948],[-73.482,-49.97],[-73.451,-49.96],[-73.436,-50.01],[-73.462,-50.054],[-73.497,-50.05],[-73.476,-50.09],[-73.514,-50.106],[-73.522,-50.154],[-73.463,-50.185],[-73.43,-50.182],[-73.416,-50.2],[-73.448,-50.217],[-73.452,-50.241],[-73.363,-50.301],[-73.438,-50.344],[-73.417,-50.382],[-73.37,-50.372],[-73.388,-50.392],[-73.358,-50.429],[-73.366,-50.488],[-73.337,-50.497],[-73.364,-50.519],[-73.332,-50.57],[-73.194,-50.615],[-73.145,-50.651],[-73.198,-50.741],[-73.15,-50.768],[-73.201,-50.82],[-73.146,-50.782],[-73.096,-50.773],[-73.07,-50.789],[-73.042,-50.761],[-73.002,-50.763],[-72.955,-50.741],[-72.941,-50.706],[-72.907,-50.698],[-72.891,-50.67],[-72.729,-50.614],[-72.693,-50.649],[-72.626,-50.658],[-72.596,-50.682],[-72.577,-50.678],[-72.58,-50.654],[-72.545,-50.62],[-72.492,-50.601],[-72.405,-50.637],[-72.353,-50.618],[-72.338,-50.649],[-72.286,-50.659],[-72.3,-50.707],[-72.337,-50.719],[-72.349,-50.752],[-72.287,-50.802],[-72.247,-50.878],[-72.265,-51.033],[-72.373,-51.022],[-72.376,-51.081],[-72.409,-51.108],[-72.348,-51.204],[-72.303,-51.201],[-72.259,-51.253],[-72.27,-51.284],[-72.372,-51.336],[-72.309,-51.366],[-72.31,-51.403],[-72.338,-51.424],[-72.324,-51.475],[-72.351,-51.484],[-72.345,-51.521],[-72.405,-51.513],[-72.393,-51.525],[-72.441,-51.585],[-72.327,-51.587],[-72.319,-51.625],[-72.283,-51.638],[-72.297,-51.699],[-72.23,-51.703],[-72.16,-51.726],[-72.182,-51.737],[-72.122,-51.744],[-72.112,-51.768],[-72.076,-51.773],[-71.948,-51.874],[-71.929,-51.915],[-72.034,-51.96],[-72.007,-51.979],[-71.965,-51.972],[-71.923,-51.999],[-71.694,-52.004]]],[[[-75.232,-49.617],[-75.278,-49.631],[-75.298,-49.605],[-75.254,-49.568],[-75.157,-49.547],[-75.227,-49.552],[-75.143,-49.503],[-75.251,-49.557],[-75.259,-49.539],[-75.238,-49.534],[-75.303,-49.533],[-75.258,-49.491],[-75.185,-49.475],[-75.234,-49.48],[-75.198,-49.436],[-75.313,-49.516],[-75.325,-49.492],[-75.303,-49.486],[-75.323,-49.488],[-75.339,-49.464],[-75.286,-49.423],[-75.371,-49.453],[-75.311,-49.44],[-75.388,-49.485],[-75.4,-49.454],[-75.323,-49.412],[-75.342,-49.411],[-75.305,-49.383],[-75.402,-49.442],[-75.435,-49.384],[-75.417,-49.333],[-75.451,-49.346],[-75.434,-49.319],[-75.454,-49.299],[-75.438,-49.277],[-75.453,-49.275],[-75.356,-49.246],[-75.329,-49.252],[-75.34,-49.266],[-75.324,-49.253],[-75.333,-49.28],[-75.403,-49.305],[-75.415,-49.326],[-75.343,-49.291],[-75.349,-49.313],[-75.319,-49.277],[-75.303,-49.303],[-75.332,-49.315],[-75.292,-49.316],[-75.308,-49.34],[-75.283,-49.333],[-75.29,-49.353],[-75.275,-49.349],[-75.235,-49.396],[-75.251,-49.405],[-75.207,-49.425],[-75.224,-49.433],[-75.201,-49.421],[-75.146,-49.467],[-75.096,-49.481],[-75.197,-49.415],[-74.946,-49.402],[-74.968,-49.39],[-75.053,-49.413],[-75.206,-49.409],[-75.207,-49.391],[-75.142,-49.391],[-75.239,-49.376],[-75.218,-49.356],[-75.242,-49.367],[-75.274,-49.315],[-75.199,-49.326],[-75.275,-49.309],[-75.304,-49.257],[-75.241,-49.264],[-75.305,-49.248],[-75.273,-49.226],[-75.212,-49.231],[-75.217,-49.283],[-75.188,-49.279],[-75.211,-49.27],[-75.216,-49.247],[-75.198,-49.249],[-75.107,-49.366],[-75.106,-49.349],[-75.024,-49.347],[-75.115,-49.338],[-75.138,-49.298],[-75.083,-49.287],[-75.141,-49.291],[-75.172,-49.253],[-75.1,-49.262],[-75.003,-49.332],[-75.049,-49.307],[-75.088,-49.253],[-75.056,-49.252],[-75.048,-49.269],[-75.055,-49.249],[-75.032,-49.239],[-74.968,-49.293],[-75.025,-49.237],[-74.973,-49.244],[-75.041,-49.219],[-74.998,-49.22],[-75.052,-49.195],[-75.063,-49.17],[-74.895,-49.299],[-74.867,-49.303],[-74.861,-49.343],[-74.878,-49.353],[-74.857,-49.372],[-74.856,-49.314],[-74.83,-49.32],[-74.857,-49.299],[-74.848,-49.214],[-74.766,-49.237],[-74.847,-49.204],[-74.841,-49.177],[-74.81,-49.156],[-74.747,-49.19],[-74.811,-49.151],[-74.813,-49.133],[-74.778,-49.113],[-74.81,-49.12],[-74.808,-49.101],[-74.787,-49.083],[-74.724,-49.087],[-74.769,-49.082],[-74.905,-48.99],[-74.831,-48.962],[-74.813,-48.982],[-74.821,-48.956],[-74.791,-48.943],[-74.775,-48.969],[-74.789,-48.969],[-74.747,-49.012],[-74.704,-49.024],[-74.748,-49.006],[-74.773,-48.969],[-74.764,-48.915],[-74.773,-48.932],[-74.937,-48.976],[-74.933,-48.956],[-74.875,-48.934],[-74.938,-48.95],[-74.952,-48.926],[-74.824,-48.877],[-74.959,-48.913],[-74.982,-48.88],[-74.841,-48.829],[-74.796,-48.832],[-74.83,-48.824],[-74.793,-48.799],[-74.979,-48.868],[-75.015,-48.823],[-74.987,-48.765],[-74.852,-48.824],[-74.842,-48.814],[-74.933,-48.78],[-74.907,-48.782],[-74.925,-48.763],[-74.89,-48.748],[-74.951,-48.76],[-74.937,-48.775],[-74.97,-48.755],[-74.863,-48.726],[-74.807,-48.697],[-74.819,-48.686],[-74.78,-48.704],[-74.799,-48.684],[-74.767,-48.669],[-74.74,-48.705],[-74.766,-48.737],[-74.803,-48.714],[-74.798,-48.753],[-74.747,-48.791],[-74.774,-48.747],[-74.746,-48.731],[-74.725,-48.741],[-74.752,-48.677],[-74.683,-48.653],[-74.643,-48.688],[-74.585,-48.705],[-74.63,-48.731],[-74.58,-48.71],[-74.566,-48.733],[-74.583,-48.838],[-74.642,-48.862],[-74.57,-48.84],[-74.544,-48.724],[-74.465,-48.7],[-74.456,-48.756],[-74.481,-48.763],[-74.459,-48.764],[-74.464,-48.873],[-74.576,-48.954],[-74.462,-48.884],[-74.404,-48.959],[-74.421,-48.981],[-74.442,-48.972],[-74.433,-48.996],[-74.514,-49.016],[-74.45,-49.018],[-74.438,-49.071],[-74.403,-49.093],[-74.399,-49.122],[-74.415,-49.129],[-74.411,-49.112],[-74.43,-49.127],[-74.401,-49.168],[-74.393,-49.252],[-74.413,-49.267],[-74.387,-49.301],[-74.404,-49.344],[-74.426,-49.337],[-74.415,-49.39],[-74.447,-49.481],[-74.472,-49.508],[-74.529,-49.491],[-74.549,-49.513],[-74.517,-49.505],[-74.521,-49.532],[-74.479,-49.514],[-74.445,-49.609],[-74.499,-49.619],[-74.504,-49.603],[-74.527,-49.644],[-74.557,-49.637],[-74.511,-49.674],[-74.535,-49.69],[-74.503,-49.673],[-74.521,-49.644],[-74.508,-49.622],[-74.476,-49.636],[-74.472,-49.621],[-74.44,-49.624],[-74.389,-49.679],[-74.381,-49.745],[-74.398,-49.772],[-74.465,-49.739],[-74.545,-49.736],[-74.476,-49.744],[-74.404,-49.783],[-74.398,-49.853],[-74.418,-49.878],[-74.406,-49.902],[-74.427,-49.908],[-74.438,-49.867],[-74.479,-49.841],[-74.446,-49.868],[-74.434,-49.919],[-74.498,-49.98],[-74.616,-49.899],[-74.606,-49.874],[-74.631,-49.877],[-74.512,-49.985],[-74.634,-50.059],[-74.662,-50.052],[-74.636,-50.03],[-74.689,-50.04],[-74.637,-49.988],[-74.699,-50.036],[-74.703,-50.016],[-74.706,-50.043],[-74.754,-50.047],[-74.803,-50.034],[-74.793,-49.998],[-74.753,-49.988],[-74.79,-49.99],[-74.815,-50.021],[-74.781,-50.049],[-74.796,-50.055],[-74.827,-50.043],[-74.818,-50.013],[-74.834,-50.041],[-74.868,-50.028],[-74.859,-50.002],[-74.881,-49.992],[-74.827,-49.966],[-74.843,-49.962],[-74.83,-49.951],[-74.714,-49.909],[-74.616,-49.952],[-74.65,-49.933],[-74.652,-49.904],[-74.664,-49.925],[-74.708,-49.896],[-74.87,-49.973],[-74.885,-49.944],[-74.913,-49.936],[-74.899,-49.88],[-74.863,-49.879],[-74.889,-49.869],[-74.868,-49.848],[-74.772,-49.874],[-74.611,-49.793],[-74.777,-49.86],[-74.814,-49.85],[-74.83,-49.833],[-74.8,-49.777],[-74.723,-49.765],[-74.757,-49.763],[-74.708,-49.721],[-74.733,-49.718],[-74.737,-49.747],[-74.806,-49.77],[-74.835,-49.815],[-74.886,-49.783],[-74.886,-49.739],[-74.826,-49.72],[-74.876,-49.709],[-74.889,-49.659],[-74.899,-49.692],[-74.912,-49.674],[-74.882,-49.645],[-74.808,-49.678],[-74.879,-49.638],[-74.873,-49.596],[-74.752,-49.636],[-74.706,-49.621],[-74.676,-49.634],[-74.702,-49.614],[-74.738,-49.629],[-74.771,-49.616],[-74.723,-49.579],[-74.724,-49.549],[-74.732,-49.58],[-74.785,-49.612],[-74.821,-49.585],[-74.868,-49.582],[-74.873,-49.53],[-74.75,-49.461],[-74.725,-49.514],[-74.701,-49.516],[-74.72,-49.513],[-74.728,-49.459],[-74.746,-49.459],[-74.684,-49.424],[-74.605,-49.429],[-74.706,-49.414],[-74.581,-49.32],[-74.587,-49.306],[-74.71,-49.403],[-74.719,-49.379],[-74.748,-49.383],[-74.764,-49.347],[-74.806,-49.332],[-74.769,-49.384],[-74.735,-49.388],[-74.717,-49.413],[-74.781,-49.469],[-74.804,-49.47],[-74.794,-49.452],[-74.861,-49.504],[-74.856,-49.388],[-74.868,-49.5],[-74.896,-49.528],[-74.946,-49.534],[-74.917,-49.469],[-74.937,-49.481],[-74.94,-49.429],[-74.952,-49.493],[-74.997,-49.478],[-74.952,-49.496],[-74.961,-49.541],[-75.023,-49.51],[-74.962,-49.55],[-74.97,-49.574],[-75.006,-49.554],[-74.971,-49.575],[-74.975,-49.593],[-75.088,-49.534],[-74.973,-49.607],[-74.997,-49.62],[-74.984,-49.625],[-75.027,-49.625],[-74.98,-49.629],[-75.011,-49.699],[-74.966,-49.613],[-74.924,-49.624],[-74.973,-49.707],[-74.992,-49.717],[-74.991,-49.684],[-75.015,-49.719],[-74.995,-49.734],[-75.014,-49.764],[-75.004,-49.792],[-74.993,-49.748],[-74.975,-49.748],[-74.991,-49.739],[-74.963,-49.709],[-74.951,-49.749],[-74.933,-49.736],[-74.916,-49.749],[-74.928,-49.804],[-74.953,-49.796],[-74.935,-49.814],[-74.956,-49.801],[-74.95,-49.822],[-74.975,-49.827],[-74.964,-49.841],[-75.016,-49.86],[-74.973,-49.866],[-74.996,-49.873],[-74.979,-49.876],[-74.997,-49.899],[-75.063,-49.903],[-75.03,-49.835],[-75.062,-49.868],[-75.127,-49.853],[-75.176,-49.77],[-75.122,-49.748],[-75.183,-49.76],[-75.207,-49.717],[-75.19,-49.713],[-75.228,-49.686],[-75.15,-49.669],[-75.234,-49.677],[-75.208,-49.658],[-75.238,-49.672],[-75.253,-49.656],[-75.148,-49.655],[-75.129,-49.637],[-75.233,-49.639],[-75.141,-49.574],[-75.228,-49.63],[-75.253,-49.632],[-75.232,-49.617]]],[[[-74.956,-48.601],[-74.93,-48.646],[-74.929,-48.63],[-74.828,-48.643],[-74.806,-48.629],[-74.769,-48.646],[-74.876,-48.72],[-74.987,-48.737],[-74.966,-48.665],[-74.867,-48.699],[-74.851,-48.69],[-74.959,-48.656],[-74.956,-48.601]]],[[[-75.005,-48.596],[-74.992,-48.673],[-75.047,-48.826],[-75.184,-48.765],[-75.215,-48.743],[-75.2,-48.727],[-75.161,-48.712],[-75.106,-48.721],[-75.153,-48.704],[-75.073,-48.675],[-75.088,-48.664],[-75.005,-48.596]]]]}}]}
